category;cohort;country;region
Dev Tools;2023;Bangladesh;APJ
AI Engineering;2025;India;APJ
Serverless;2023;India;APJ
Security;2025;USA;NAMER
Network C&D;2025;Germany;EMEA
Data;2025;India;APJ
Security;2025;Nepal;APJ
Containers;2024;France;EMEA
Serverless;2025;Egypt;EMEA
Containers;2023;Egypt;EMEA
Machine Learning;2023;Egypt;EMEA
Security;2023;USA;NAMER
Cloud Operations;2023;Indonesia;APJ
Machine Learning;2023;Pakistan;APJ
Containers;2025;Pakistan;APJ
Data;2024;Pakistan;APJ
AI Engineering;2022;Egypt;EMEA
AI Engineering;2025;France;EMEA
Containers;2025;Nigeria;EMEA
Serverless;2025;United Arab Emirates;EMEA
Network C&D;2025;Nigeria;EMEA
Serverless;2025;India;APJ
Security;2025;India;APJ
Serverless;2024;Canada;NAMER
Containers;2023;India;APJ
Containers;2023;India;APJ
Data;2020;India;APJ
Dev Tools;2023;India;APJ
Containers;2020;India;APJ
Security;2024;India;APJ
Security;2023;Canada;NAMER
Cloud Operations;2025;India;APJ
Serverless;2025;Nepal;APJ
Machine Learning;2023;India;APJ
Data;2025;India;APJ
AI Engineering;2024;Nepal;APJ
AI Engineering;2025;India;APJ
Security;2025;UK;EMEA
Serverless;2025;Philippines;APJ
Dev Tools;2023;Sri Lanka;APJ
Machine Learning;2024;USA;NAMER
Security;2022;UK;EMEA
Security;2023;USA;NAMER
Serverless;2023;Poland;EMEA
Security;2025;Spain;EMEA
Containers;2025;Italy;EMEA
Security;2022;Nigeria;EMEA
Security;2021;Kenya;EMEA
Serverless;2025;Nigeria;EMEA
Containers;2025;Nigeria;EMEA
Network C&D;2025;India;APJ
Cloud Operations;2023;India;APJ
Containers;2023;India;APJ
Dev Tools;2023;Indonesia;APJ
AI Engineering;2025;India;APJ
AI Engineering;2025;India;APJ
Serverless;2021;South Africa;EMEA
Serverless;2023;Hungary;EMEA
Machine Learning;2024;Mexico;LATAM
Containers;2023;France;EMEA
Machine Learning;2022;Indonesia;APJ
Dev Tools;2023;India;APJ
Machine Learning;2022;Sri Lanka;APJ
Cloud Operations;2022;France;EMEA
Containers;2025;Pakistan;APJ
Cloud Operations;2023;United Arab Emirates;EMEA
Containers;2023;United Arab Emirates;EMEA
Containers;2024;Bosnia and Herzegovina;EMEA
Containers;2021;Malaysia;APJ
Machine Learning;2022;Egypt;EMEA
Machine Learning;2022;Egypt;EMEA
Machine Learning;2023;Egypt;EMEA
Serverless;2025;Egypt;EMEA
Serverless;2025;United Arab Emirates;EMEA
Security;2021;Japan;APJ
Containers;2025;Malaysia;APJ
Containers;2022;Qatar;EMEA
Cloud Operations;2025;UK;EMEA
Security;2024;USA;NAMER
Dev Tools;2023;Nepal;APJ
Containers;2025;India;APJ
Serverless;2025;India;APJ
Data;2025;India;APJ
AI Engineering;2025;India;APJ
Containers;2021;India;APJ
Network C&D;2021;India;APJ
Containers;2021;Nepal;APJ
Containers;2022;Nigeria;EMEA
Dev Tools;2022;Nigeria;EMEA
Security;2025;Nepal;APJ
Containers;2025;India;APJ
Serverless;2025;India;APJ
Dev Tools;2022;India;APJ
Containers;2024;Singapore;APJ
Serverless;2024;India;APJ
Serverless;2021;India;APJ
Network C&D;2025;Australia;APJ
Serverless;2021;Finland;EMEA
Containers;2022;Japan;APJ
Containers;2022;Benin;EMEA
Dev Tools;2024;Japan;APJ
Security;2024;Japan;APJ
Serverless;2020;Japan;APJ
Network C&D;2024;Nepal;APJ
Cloud Operations;2023;India;APJ
Serverless;2023;Australia;APJ
Cloud Operations;2025;Peru;LATAM
Security;2022;Kenya;EMEA
Serverless;2025;Indonesia;APJ
AI Engineering;2025;Colombia;LATAM
Dev Tools;2023;Colombia;LATAM
Dev Tools;2023;Colombia;LATAM
Security;2022;Spain;EMEA
Dev Tools;2025;Mexico;LATAM
AI Engineering;2022;Poland;EMEA
Security;2023;Canada;NAMER
Network C&D;2023;Bosnia and Herzegovina;EMEA
Security;2024;Serbia;EMEA
Containers;2025;Serbia;EMEA
Machine Learning;2025;Italy;EMEA
Serverless;2022;Germany;EMEA
Dev Tools;2025;Germany;EMEA
Cloud Operations;2024;Spain;EMEA
Dev Tools;2022;Romania;EMEA
Dev Tools;2020;USA;NAMER
Security;2022;USA;NAMER
Serverless;2021;UK;EMEA
Serverless;2022;UK;EMEA
Containers;2025;USA;NAMER
Containers;2025;Mexico;LATAM
Serverless;2025;Romania;EMEA
Data;2022;Colombia;LATAM
Security;2023;Germany;EMEA
Containers;2022;Thailand;APJ
Serverless;2023;Canada;NAMER
Dev Tools;2025;Canada;NAMER
Containers;2025;Israel;EMEA
AI Engineering;2023;USA;NAMER
Security;2022;Brazil;LATAM
Serverless;2023;Peru;LATAM
Data;2024;Germany;EMEA
Data;2025;Kazakhstan;EMEA
Containers;2021;India;APJ
Serverless;2024;Israel;EMEA
Containers;2022;Nigeria;EMEA
Security;2022;Turkey;EMEA
Serverless;2023;Netherlands;EMEA
Serverless;2022;Germany;EMEA
Serverless;2025;Pakistan;APJ
Containers;2021;Belarus;EMEA
Data;2023;Brazil;LATAM
Dev Tools;2022;India;APJ
Cloud Operations;2025;India;APJ
Serverless;2024;Canada;NAMER
Serverless;2024;Sweden;EMEA
Serverless;2024;Spain;EMEA
Network C&D;2022;India;APJ
Cloud Operations;2023;India;APJ
Dev Tools;2022;USA;NAMER
Cloud Operations;2025;Brazil;LATAM
Machine Learning;2020;Canada;NAMER
Containers;2024;Canada;NAMER
Containers;2023;Brazil;LATAM
Machine Learning;2023;USA;NAMER
Cloud Operations;2025;Canada;NAMER
Cloud Operations;2025;India;APJ
Security;2025;India;APJ
Cloud Operations;2025;Philippines;APJ
Dev Tools;2023;USA;NAMER
Cloud Operations;2023;Bangladesh;APJ
Cloud Operations;2020;India;APJ
Machine Learning;2024;Nepal;APJ
Machine Learning;2022;USA;NAMER
Serverless;2023;India;APJ
Containers;2025;Israel;EMEA
Security;2024;USA;NAMER
Containers;2023;India;APJ
Containers;2022;USA;NAMER
Dev Tools;2025;USA;NAMER
Serverless;2022;Viet Nam;APJ
Dev Tools;2024;Macedonia;EMEA
Dev Tools;2023;France;EMEA
Data;2025;India;APJ
Security;2022;Spain;EMEA
Serverless;2025;USA;NAMER
Cloud Operations;2023;India;APJ
Dev Tools;2022;Switzerland;EMEA
Machine Learning;2023;Colombia;LATAM
Security;2025;Spain;EMEA
Containers;2023;Indonesia;APJ
Security;2020;Peru;LATAM
Serverless;2025;UK;EMEA
Serverless;2025;Germany;EMEA
Data;2024;Chile;LATAM
AI Engineering;2023;Canada;NAMER
Serverless;2025;Italy;EMEA
Network C&D;2025;USA;NAMER
Network C&D;2025;Colombia;LATAM
Cloud Operations;2020;Germany;EMEA
Dev Tools;2020 beta;Germany;EMEA
Machine Learning;2021;Austria;EMEA
Dev Tools;2025;Sweden;EMEA
Security;2025;Romania;EMEA
Serverless;2023;USA;NAMER
Serverless;2025;Canada;NAMER
Cloud Operations;2020;USA;NAMER
Data;2024;USA;NAMER
Security;2020 beta;USA;NAMER
Network C&D;2025;USA;NAMER
Security;2021;Sweden;EMEA
Security;2023;Ukraine;EMEA
Serverless;2023;Germany;EMEA
Dev Tools;2025;Poland;EMEA
Dev Tools;2025;Brazil;LATAM
Cloud Operations;2025;Portugal;EMEA
AI Engineering;2023;Mexico;LATAM
Dev Tools;2021;USA;NAMER
Containers;2025;Hong Kong;GCR
Containers;2025;Viet Nam;APJ
Machine Learning;2023;USA;NAMER
Containers;2022;India;APJ
Data;2025;Nepal;APJ
Data;2025;India;APJ
Cloud Operations;2023;India;APJ
Serverless;2022;India;APJ
Dev Tools;2022;Nigeria;EMEA
Data;2023;Nepal;APJ
AI Engineering;2025;Nepal;APJ
Serverless;2022;Macedonia;EMEA
AI Engineering;2025;Germany;EMEA
Security;2025;United Arab Emirates;EMEA
Containers;2025;India;APJ
Security;2024;India;APJ
Security;2022;Thailand;APJ
Network C&D;2025;India;APJ
Data;2025;India;APJ
Containers;2025;India;APJ
Serverless;2025;India;APJ
Data;2023;Nepal;APJ
Security;2023;India;APJ
Data;2025;USA;NAMER
Serverless;2025;India;APJ
Machine Learning;2024;USA;NAMER
Machine Learning;2023;Ukraine;EMEA
Dev Tools;2025;Germany;EMEA
Cloud Operations;2023;UK;EMEA
Network C&D;2025;Qatar;EMEA
Serverless;2023;Canada;NAMER
Dev Tools;2024;Canada;NAMER
Security;2023;Hong Kong;GCR
Network C&D;2025;Kenya;EMEA
Serverless;2024;Sweden;EMEA
Cloud Operations;2025;Poland;EMEA
Security;2025;Kazakhstan;EMEA
Network C&D;2025;Ukraine;EMEA
Containers;2025;Israel;EMEA
Dev Tools;2021;Denmark;EMEA
Security;2025;Nepal;APJ
Serverless;2025;USA;NAMER
Containers;2023;India;APJ
Dev Tools;2023;Nepal;APJ
Serverless;2025;India;APJ
Security;2023;Israel;EMEA
Containers;2022;Nigeria;EMEA
Data;2023;UK;EMEA
Cloud Operations;2024;India;APJ
Containers;2023;India;APJ
Cloud Operations;2023;New Zealand;APJ
Dev Tools;2020 beta;Finland;EMEA
Dev Tools;2023;Australia;APJ
Cloud Operations;2020;Poland;EMEA
Dev Tools;2025;Philippines;APJ
Serverless;2025;Kazakhstan;EMEA
Serverless;2025;UK;EMEA
Security;2024;Mexico;LATAM
Machine Learning;2023;Brazil;LATAM
Data;2023;Germany;EMEA
Security;2022;Hungary;EMEA
Network C&D;2025;India;APJ
Containers;2025;USA;NAMER
Cloud Operations;2024;Germany;EMEA
Cloud Operations;2025;Indonesia;APJ
Data;2023;Ukraine;EMEA
Containers;2025;Ukraine;EMEA
AI Engineering;2025;UK;EMEA
Cloud Operations;2022;Brazil;LATAM
Cloud Operations;2022;Germany;EMEA
Data;2025;India;APJ
Containers;2025;India;APJ
Machine Learning;2025;India;APJ
Cloud Operations;2022;USA;NAMER
Data;2025;USA;NAMER
Dev Tools;2022;Indonesia;APJ
Security;2024;New Zealand;APJ
Serverless;2023;Sri Lanka;APJ
Security;2023;India;APJ
Cloud Operations;2023;India;APJ
Containers;2023;India;APJ
Security;2022;Australia;APJ
Data;2025;India;APJ
Serverless;2025;India;APJ
Dev Tools;2020;India;APJ
Security;2024;Japan;APJ
Cloud Operations;2025;Nepal;APJ
Data;2024;India;APJ
Security;2021;India;APJ
Serverless;2021;India;APJ
Data;2025;India;APJ
Data;2025;India;APJ
Network C&D;2025;Philippines;APJ
Serverless;2025;Bangladesh;APJ
Containers;2025;Egypt;EMEA
Serverless;2022;United Arab Emirates;EMEA
Cloud Operations;2025;Japan;APJ
Dev Tools;2021;Japan;APJ
Containers;2025;Japan;APJ
AI Engineering;2024;Japan;APJ
Serverless;2022;India;APJ
Cloud Operations;2025;Qatar;EMEA
Network C&D;2021;Canada;NAMER
Serverless;2025;Myanmar;APJ
Serverless;2025;France;EMEA
Cloud Operations;2023;India;APJ
Containers;2021;India;APJ
Cloud Operations;2022;Singapore;APJ
Dev Tools;2021;Nepal;APJ
Machine Learning;2023;Nigeria;EMEA
Cloud Operations;2021;Peru;LATAM
Serverless;2025;Belgium;EMEA
Dev Tools;2025;Argentina;LATAM
Data;2025;Pakistan;APJ
Cloud Operations;2022;Norway;EMEA
Serverless;2025;UK;EMEA
Containers;2022;Nigeria;EMEA
Dev Tools;2022;Egypt;EMEA
Serverless;2022;Egypt;EMEA
Containers;2025;UK;EMEA
Data;2023;UK;EMEA
Security;2025;Nigeria;EMEA
Security;2025;Germany;EMEA
Serverless;2024;Japan;APJ
AI Engineering;2025;USA;NAMER
AI Engineering;2025;India;APJ
Dev Tools;2023;USA;NAMER
Security;2023;Nigeria;EMEA
Dev Tools;2025;USA;NAMER
Containers;2023;Viet Nam;APJ
AI Engineering;2025;Viet Nam;APJ
Machine Learning;2023;United Arab Emirates;EMEA
Cloud Operations;2023;Armenia;EMEA
Serverless;2023;Cameroon;EMEA
AI Engineering;2025;Kazakhstan;EMEA
Security;2025;USA;NAMER
Security;2024;India;APJ
Security;2025;Malaysia;APJ
Security;2021;Germany;EMEA
Serverless;2022;Canada;NAMER
Serverless;2025;Mexico;LATAM
Dev Tools;2025;New Zealand;APJ
Cloud Operations;2024;UK;EMEA
Serverless;2025;Egypt;EMEA
Cloud Operations;2022;Brazil;LATAM
Serverless;2025;Australia;APJ
Network C&D;2025;UK;EMEA
Containers;2025;Sri Lanka;APJ
AI Engineering;2025;Switzerland;EMEA
Serverless;2023;USA;NAMER
Serverless;2021;Netherlands;EMEA
Serverless;2025;Canada;NAMER
Serverless;2021;Spain;EMEA
Machine Learning;2023;Mauritius;EMEA
Security;2022;Kenya;EMEA
Containers;2025;Nigeria;EMEA
Machine Learning;2020;Brazil;LATAM
Machine Learning;2023;Nigeria;EMEA
Network C&D;2025;Canada;NAMER
Dev Tools;2022;Indonesia;APJ
Cloud Operations;2021;India;APJ
Serverless;2025;India;APJ
Dev Tools;2023;India;APJ
Security;2023;Colombia;LATAM
Containers;2022;India;APJ
Dev Tools;2023;Pakistan;APJ
Security;2025;Nepal;APJ
Containers;2022;Viet Nam;APJ
Security;2022;Viet Nam;APJ
Security;2025;Nepal;APJ
Data;2025;Nepal;APJ
Network C&D;2025;Nepal;APJ
Serverless;2025;Bangladesh;APJ
Security;2024;USA;NAMER
Dev Tools;2020;USA;NAMER
Containers;2025;USA;NAMER
Cloud Operations;2023;USA;NAMER
Serverless;2023;Poland;EMEA
Serverless;2023;Australia;APJ
Serverless;2025;Nigeria;EMEA
Dev Tools;2022;Ecuador;LATAM
Security;2023;Singapore;APJ
Containers;2025;Bosnia and Herzegovina;EMEA
Containers;2025;Hong Kong;GCR
Security;2024;Germany;EMEA
Serverless;2021;Indonesia;APJ
Machine Learning;2022;Nigeria;EMEA
Network C&D;2024;Canada;NAMER
Dev Tools;2025;Kenya;EMEA
Machine Learning;2024;Mexico;LATAM
Data;2025;USA;NAMER
Serverless;2025;Singapore;APJ
Cloud Operations;2022;Brazil;LATAM
Cloud Operations;2022;USA;NAMER
Dev Tools;2021;Canada;NAMER
Dev Tools;2023;USA;NAMER
Dev Tools;2020;USA;NAMER
Cloud Operations;2025;Ireland;EMEA
Dev Tools;2021;Brazil;LATAM
Machine Learning;2023;Brazil;LATAM
Security;2021;Finland;EMEA
Security;2021;Brazil;LATAM
Serverless;2021;Netherlands;EMEA
AI Engineering;2025;USA;NAMER
Network C&D;2022;Turkey;EMEA
Data;2025;Sri Lanka;APJ
Containers;2024;South Korea;APJ
Containers;2022;South Korea;APJ
Dev Tools;2023;Turkey;EMEA
Data;2025;Netherlands;EMEA
Cloud Operations;2025;UK;EMEA
Containers;2022;Kenya;EMEA
AI Engineering;2025;Chile;LATAM
AI Engineering;2025;Bolivia;LATAM
Containers;2023;New Zealand;APJ
Data;2022;USA;NAMER
AI Engineering;2025;Italy;EMEA
Network C&D;2025;Italy;EMEA
Cloud Operations;2024;Brazil;LATAM
Data;2021;Argentina;LATAM
Security;2022;Peru;LATAM
Serverless;2025;Canada;NAMER
Cloud Operations;2023;USA;NAMER
Cloud Operations;2022;Peru;LATAM
Containers;2023;Brazil;LATAM
Cloud Operations;2025;Sweden;EMEA
AI Engineering;2025;Viet Nam;APJ
Security;2025;USA;NAMER
Security;2021;Canada;NAMER
Cloud Operations;2025;Netherlands;EMEA
Machine Learning;2022;Israel;EMEA
AI Engineering;2025;India;APJ
Security;2024;New Zealand;APJ
AI Engineering;2025;Singapore;APJ
Serverless;2025;Sri Lanka;APJ
Dev Tools;2023;India;APJ
Containers;2022;Saudi Arabia;EMEA
Cloud Operations;2025;Australia;APJ
Data;2022;China;GCR
Serverless;2023;Taiwan;GCR
Serverless;2025;Sri Lanka;APJ
Machine Learning;2023;USA;NAMER
Serverless;2025;Canada;NAMER
Serverless;2021;Nigeria;EMEA
Serverless;2023;UK;EMEA
Serverless;2025;Viet Nam;APJ
Security;2024;Hong Kong;GCR
Serverless;2021;Taiwan;GCR
Containers;2022;Kenya;EMEA
Machine Learning;2023;India;APJ
Containers;2025;India;APJ
Dev Tools;2021;Hong Kong;GCR
Serverless;2022;Nigeria;EMEA
Serverless;2023;Nigeria;EMEA
Security;2023;Nigeria;EMEA
AI Engineering;2025;Viet Nam;APJ
AI Engineering;2025;Taiwan;GCR
Cloud Operations;2024;Nigeria;EMEA
AI Engineering;2025;India;APJ
Security;2025;India;APJ
Network C&D;2025;India;APJ
Serverless;2023;Sri Lanka;APJ
Serverless;2023;India;APJ
Security;2025;Singapore;APJ
Machine Learning;2023;New Zealand;APJ
Data;2020 beta;UK;EMEA
Serverless;2024;France;EMEA
Network C&D;2023;Australia;APJ
Serverless;2024;USA;NAMER
Serverless;2020;USA;NAMER
Serverless;2023;Germany;EMEA
Serverless;2023;South Korea;APJ
Serverless;2025;USA;NAMER
Serverless;2025;UK;EMEA
Network C&D;2025;USA;NAMER
Security;2025;South Africa;EMEA
Dev Tools;2024;Australia;APJ
Security;2022;Switzerland;EMEA
Security;2024;France;EMEA
Security;2024;USA;NAMER
Data;2022;Kenya;EMEA
Dev Tools;2023;UK;EMEA
Security;2023;UK;EMEA
Serverless;2022;Singapore;APJ
Dev Tools;2023;UK;EMEA
Serverless;2025;Nigeria;EMEA
Data;2021;Brazil;LATAM
Dev Tools;2023;Italy;EMEA
Network C&D;2024;Brazil;LATAM
Dev Tools;2022;Nigeria;EMEA
Dev Tools;2025;South Africa;EMEA
Serverless;2020;USA;NAMER
Network C&D;2023;UK;EMEA
Dev Tools;2022;Kenya;EMEA
Serverless;2025;UK;EMEA
Serverless;2023;UK;EMEA
Serverless;2023;France;EMEA
Network C&D;2023;USA;NAMER
Dev Tools;2021;Peru;LATAM
Data;2021;Argentina;LATAM
Serverless;2022;Australia;APJ
Security;2022;Spain;EMEA
Machine Learning;2022;Ecuador;LATAM
Dev Tools;2023;Hungary;EMEA
Security;2021;Viet Nam;APJ
Machine Learning;2023;Mexico;LATAM
Cloud Operations;2022;UK;EMEA
Containers;2025;Chile;LATAM
Data;2021;Australia;APJ
Containers;2023;South Korea;APJ
Cloud Operations;2024;Japan;APJ
Containers;2025;Japan;APJ
Data;2025;Japan;APJ
Dev Tools;2024;USA;NAMER
Security;2022;USA;NAMER
Containers;2025;Australia;APJ
Data;2025;Uganda;EMEA
Machine Learning;2022;Peru;LATAM
Cloud Operations;2024;Italy;EMEA
Security;2022;USA;NAMER
AI Engineering;2023;Ireland;EMEA
Data;2025;UK;EMEA
Network C&D;2024;Brazil;LATAM
Serverless;2023;United Arab Emirates;EMEA
Containers;2020;Colombia;LATAM
Data;2023;UK;EMEA
Data;2024;UK;EMEA
AI Engineering;2023;Colombia;LATAM
Dev Tools;2021;Germany;EMEA
Dev Tools;2022;Kenya;EMEA
Dev Tools;2022;New Zealand;APJ
Dev Tools;2021;Germany;EMEA
Machine Learning;2021;Colombia;LATAM
Machine Learning;2022;USA;NAMER
Network C&D;2022;UK;EMEA
Security;2023;UK;EMEA
Security;2020;Spain;EMEA
Serverless;2023;USA;NAMER
Serverless;2020 beta;Singapore;APJ
Serverless;2020 beta;Canada;NAMER
Serverless;2025;Ghana;EMEA
Containers;2025;Kenya;EMEA
Serverless;2025;Colombia;LATAM
AI Engineering;2025;Chile;LATAM
Serverless;2021;Switzerland;EMEA
Serverless;2022;Germany;EMEA
Machine Learning;2022;Brazil;LATAM
Network C&D;2022;USA;NAMER
Serverless;2023;Hong Kong;GCR
Serverless;2020;Netherlands;EMEA
Dev Tools;2021;Viet Nam;APJ
Serverless;2025;UK;EMEA
Serverless;2025;Philippines;APJ
Machine Learning;2020;UK;EMEA
Serverless;2025;Canada;NAMER
Data;2023;India;APJ
Serverless;2021;New Zealand;APJ
Dev Tools;2020;USA;NAMER
AI Engineering;2022;Poland;EMEA
Containers;2024;Denmark;EMEA
Serverless;2024;Australia;APJ
Cloud Operations;2020 beta;Canada;NAMER
Cloud Operations;2022;Spain;EMEA
Containers;2021;Spain;EMEA
Data;2023;Hong Kong;GCR
Dev Tools;2024;Colombia;LATAM
Dev Tools;2021;USA;NAMER
Network C&D;2022;Nigeria;EMEA
Security;2022;UK;EMEA
Security;2020;Germany;EMEA
Serverless;2024;USA;NAMER
Serverless;2020;Mexico;LATAM
Serverless;2023;Israel;EMEA
Cloud Operations;2025;Egypt;EMEA
Cloud Operations;2025;USA;NAMER
Security;2025;USA;NAMER
Serverless;2022;Germany;EMEA
Serverless;2025;Italy;EMEA
AI Engineering;2025;Netherlands;EMEA
Machine Learning;2025;Poland;EMEA
Security;2023;Philippines;APJ
AI Engineering;2025;UK;EMEA
Dev Tools;2021;India;APJ
Cloud Operations;2022;UK;EMEA
Dev Tools;2022;Germany;EMEA
Containers;2025;India;APJ
Machine Learning;2022;Cameroon;EMEA
Containers;2025;China;GCR
Dev Tools;2025;Kenya;EMEA
Serverless;2025;UK;EMEA
Dev Tools;2025;Uruguay;LATAM
Network C&D;2024;UK;EMEA
Cloud Operations;2025;USA;NAMER
Cloud Operations;2022;Indonesia;APJ
AI Engineering;2025;Germany;EMEA
Data;2023;USA;NAMER
Dev Tools;2023;USA;NAMER
Dev Tools;2022;Nepal;APJ
Machine Learning;2025;USA;NAMER
Dev Tools;2023;Nigeria;EMEA
AI Engineering;2024;USA;NAMER
Network C&D;2022;South Africa;EMEA
Security;2025;India;APJ
Network C&D;2024;India;APJ
Data;2025;USA;NAMER
Containers;2025;India;APJ
Data;2025;Germany;EMEA
Machine Learning;2021;India;APJ
Cloud Operations;2024;Costa Rica;LATAM
Dev Tools;2023;Peru;LATAM
Containers;2023;Nepal;APJ
Dev Tools;2022;Nigeria;EMEA
Machine Learning;2023;Hong Kong;GCR
Network C&D;2024;Spain;EMEA
AI Engineering;2025;France;EMEA
Dev Tools;2022;Sri Lanka;APJ
Network C&D;2025;Sri Lanka;APJ
Data;2023;United Arab Emirates;EMEA
Machine Learning;2023;Greece;EMEA
Cloud Operations;2023;India;APJ
Containers;2024;New Zealand;APJ
Dev Tools;2025;India;APJ
Cloud Operations;2023;Sri Lanka;APJ
Cloud Operations;2025;USA;NAMER
Dev Tools;2021;Nepal;APJ
Data;2021;USA;NAMER
Containers;2025;UK;EMEA
Serverless;2023;Ireland;EMEA
Cloud Operations;2022;India;APJ
Security;2023;India;APJ
Cloud Operations;2025;Nepal;APJ
Dev Tools;2023;India;APJ
Serverless;2025;Sri Lanka;APJ
Cloud Operations;2024;Austria;EMEA
Containers;2025;Australia;APJ
Serverless;2025;South Korea;APJ
Containers;2025;Thailand;APJ
Containers;2022;Brazil;LATAM
AI Engineering;2025;United Arab Emirates;EMEA
Security;2025;India;APJ
Data;2022;USA;NAMER
Serverless;2022;Singapore;APJ
Security;2022;USA;NAMER
Containers;2021;Indonesia;APJ
Cloud Operations;2020;USA;NAMER
Dev Tools;2025;Ireland;EMEA
Serverless;2022;Bulgaria;EMEA
Dev Tools;2023;Poland;EMEA
Machine Learning;2020;UK;EMEA
Cloud Operations;2022;Peru;LATAM
Network C&D;2025;Angola;EMEA
Serverless;2021;Netherlands;EMEA
Serverless;2021;Ecuador;LATAM
Containers;2022;Brazil;LATAM
Security;2025;Romania;EMEA
Cloud Operations;2025;USA;NAMER
Machine Learning;2025;Canada;NAMER
Dev Tools;2021;Philippines;APJ
Serverless;2025;Kenya;EMEA
Data;2021;Russian Federation;EMEA
Data;2025;USA;NAMER
Security;2025;USA;NAMER
Network C&D;2025;Armenia;EMEA
Serverless;2025;Netherlands;EMEA
Serverless;2022;Colombia;LATAM
Serverless;2022;Sweden;EMEA
Network C&D;2025;Mexico;LATAM
Dev Tools;2024;Germany;EMEA
Security;2023;USA;NAMER
Containers;2020;Mexico;LATAM
Serverless;2025;Italy;EMEA
Cloud Operations;2025;Poland;EMEA
Serverless;2023;Switzerland;EMEA
Data;2024;Ghana;EMEA
Cloud Operations;2025;Ghana;EMEA
Security;2025;Panama;LATAM
Data;2023;Germany;EMEA
Serverless;2022;Turkey;EMEA
Machine Learning;2022;Turkey;EMEA
Containers;2025;Germany;EMEA
Machine Learning;2021;Turkey;EMEA
Dev Tools;2024;Brazil;LATAM
Data;2023;Netherlands;EMEA
Serverless;2024;Italy;EMEA
Serverless;2022;UK;EMEA
Cloud Operations;2022;Mexico;LATAM
Network C&D;2022;Turkey;EMEA
Cloud Operations;2025;Romania;EMEA
Cloud Operations;2023;China;GCR
Data;2023;Taiwan;GCR
Dev Tools;2023;France;EMEA
Network C&D;2023;USA;NAMER
Security;2021;Italy;EMEA
Security;2022;USA;NAMER
Dev Tools;2025;Guatemala;LATAM
Containers;2024;Ecuador;LATAM
Dev Tools;2025;Norway;EMEA
Cloud Operations;2022;Switzerland;EMEA
Cloud Operations;2023;USA;NAMER
Security;2023;UK;EMEA
AI Engineering;2025;USA;NAMER
Containers;2022;Romania;EMEA
Network C&D;2023;Guatemala;LATAM
Serverless;2023;Egypt;EMEA
Network C&D;2024;USA;NAMER
Security;2025;South Korea;APJ
Security;2023;USA;NAMER
Data;2023;Kenya;EMEA
Containers;2025;UK;EMEA
AI Engineering;2025;Mexico;LATAM
Dev Tools;2025;Germany;EMEA
Dev Tools;2021;Netherlands;EMEA
Cloud Operations;2021;Uruguay;LATAM
Security;2020;Israel;EMEA
Containers;2025;Nigeria;EMEA
Data;2025;Chile;LATAM
Serverless;2025;UK;EMEA
Serverless;2023;Italy;EMEA
Containers;2025;Brazil;LATAM
Serverless;2022;Germany;EMEA
Containers;2023;Egypt;EMEA
Cloud Operations;2022;Egypt;EMEA
Data;2020;Australia;APJ
Machine Learning;2022;UK;EMEA
Data;2025;Nigeria;EMEA
Containers;2025;Pakistan;APJ
Containers;2021;Italy;EMEA
Network C&D;2021;Nigeria;EMEA
Serverless;2025;Nigeria;EMEA
Data;2025;Malaysia;APJ
Containers;2025;Pakistan;APJ
Machine Learning;2025;Pakistan;APJ
AI Engineering;2025;Kenya;EMEA
Network C&D;2023;USA;NAMER
AI Engineering;2025;Pakistan;APJ
Serverless;2025;Indonesia;APJ
Serverless;2025;Malaysia;APJ
Dev Tools;2023;Palestine;EMEA
AI Engineering;2023;Pakistan;APJ
Serverless;2022;Netherlands;EMEA
Serverless;2022;Bangladesh;APJ
Dev Tools;2022;Turkey;EMEA
Dev Tools;2022;Nigeria;EMEA
Machine Learning;2025;Nigeria;EMEA
Cloud Operations;2023;India;APJ
Cloud Operations;2022;Sri Lanka;APJ
Data;2025;UK;EMEA
Dev Tools;2025;Sri Lanka;APJ
Dev Tools;2021;Brazil;LATAM
Security;2022;USA;NAMER
Serverless;2024;Germany;EMEA
Data;2022;Uruguay;LATAM
Data;2024;Kenya;EMEA
Machine Learning;2025;Nigeria;EMEA
Serverless;2025;Kenya;EMEA
Cloud Operations;2025;USA;NAMER
Data;2021;USA;NAMER
Dev Tools;2021;Brazil;LATAM
Security;2022;USA;NAMER
AI Engineering;2025;Chile;LATAM
Machine Learning;2025;Indonesia;APJ
Containers;2025;Indonesia;APJ
Network C&D;2025;UK;EMEA
Cloud Operations;2025;Poland;EMEA
Serverless;2021;Brazil;LATAM
Security;2025;USA;NAMER
Serverless;2025;Germany;EMEA
Containers;2025;Romania;EMEA
Serverless;2024;Germany;EMEA
Network C&D;2020;Brazil;LATAM
Serverless;2025;Cameroon;EMEA
Security;2024;Nigeria;EMEA
Serverless;2025;Italy;EMEA
Containers;2022;Mexico;LATAM
Dev Tools;2025;Kenya;EMEA
Machine Learning;2025;Ghana;EMEA
Machine Learning;2022;Germany;EMEA
Serverless;2025;France;EMEA
Dev Tools;2025;Colombia;LATAM
Cloud Operations;2022;Ecuador;LATAM
Cloud Operations;2022;Nigeria;EMEA
Dev Tools;2024;Taiwan;GCR
Cloud Operations;2022;Nigeria;EMEA
Containers;2023;Japan;APJ
Containers;2025;Poland;EMEA
Cloud Operations;2022;UK;EMEA
Network C&D;2022;Portugal;EMEA
Security;2022;Hong Kong;GCR
Serverless;2024;Ecuador;LATAM
Data;2025;USA;NAMER
Network C&D;2025;France;EMEA
AI Engineering;2020;UK;EMEA
Dev Tools;2021;India;APJ
Security;2024;India;APJ
Dev Tools;2024;Italy;EMEA
Network C&D;2025;UK;EMEA
Cloud Operations;2023;India;APJ
Containers;2023;India;APJ
Data;2023;USA;NAMER
Data;2023;India;APJ
Machine Learning;2023;India;APJ
Security;2024;Israel;EMEA
Containers;2023;India;APJ
Serverless;2025;Nigeria;EMEA
Serverless;2025;Italy;EMEA
Serverless;2023;New Zealand;APJ
Security;2023;Mexico;LATAM
Serverless;2025;Japan;APJ
Cloud Operations;2024;New Zealand;APJ
Containers;2020;Canada;NAMER
Cloud Operations;2024;Czech Republic;EMEA
Cloud Operations;2025;USA;NAMER
Network C&D;2025;Georgia;EMEA
Serverless;2025;Japan;APJ
Dev Tools;2021;UK;EMEA
Security;2023;Australia;APJ
Machine Learning;2024;Mexico;LATAM
Security;2021;Colombia;LATAM
Serverless;2021;Costa Rica;LATAM
Dev Tools;2020;Germany;EMEA
Dev Tools;2021;Philippines;APJ
Data;2023;Italy;EMEA
Machine Learning;2020;Italy;EMEA
Serverless;2025;Viet Nam;APJ
Machine Learning;2022;Nigeria;EMEA
Containers;2025;India;APJ
Machine Learning;2022;Nigeria;EMEA
Serverless;2022;Belize;LATAM
Containers;2025;Georgia;EMEA
Serverless;2025;Italy;EMEA
Serverless;2025;Italy;EMEA
Serverless;2022;Canada;NAMER
Serverless;2025;USA;NAMER
AI Engineering;2022;Singapore;APJ
Machine Learning;2021;Germany;EMEA
Machine Learning;2025;Bangladesh;APJ
Dev Tools;2022;Nigeria;EMEA
Security;2024;Nigeria;EMEA
Cloud Operations;2024;India;APJ
Dev Tools;2022;India;APJ
AI Engineering;2025;India;APJ
Data;2020 beta;USA;NAMER
Cloud Operations;2022;Australia;APJ
Security;2025;USA;NAMER
Serverless;2025;Poland;EMEA
Serverless;2024;Italy;EMEA
Security;2023;Brazil;LATAM
Serverless;2025;UK;EMEA
Serverless;2020;France;EMEA
Serverless;2022;Argentina;LATAM
Network C&D;2025;Singapore;APJ
Dev Tools;2025;Canada;NAMER
Dev Tools;2023;Colombia;LATAM
Serverless;2024;Brazil;LATAM
Serverless;2020;Germany;EMEA
AI Engineering;2025;Bolivia;LATAM
Dev Tools;2024;Cameroon;EMEA
Containers;2025;Viet Nam;APJ
Security;2025;Norway;EMEA
AI Engineering;2025;United Arab Emirates;EMEA
Machine Learning;2023;Malaysia;APJ
AI Engineering;2025;United Arab Emirates;EMEA
Data;2024;Japan;APJ
Data;2024;United Arab Emirates;EMEA
Security;2022;United Arab Emirates;EMEA
Serverless;2025;Oman;EMEA
AI Engineering;2025;Saudi Arabia;EMEA
Containers;2022;Jordan;EMEA
Machine Learning;2020;Pakistan;APJ
Cloud Operations;2023;United Arab Emirates;EMEA
Serverless;2023;Viet Nam;APJ
AI Engineering;2023;India;APJ
Dev Tools;2023;India;APJ
Security;2021;Netherlands;EMEA
Network C&D;2024;USA;NAMER
Serverless;2023;India;APJ
Serverless;2023;UK;EMEA
Dev Tools;2022;Ghana;EMEA
Serverless;2024;France;EMEA
Serverless;2021;India;APJ
Security;2025;USA;NAMER
Serverless;2023;USA;NAMER
Serverless;2025;India;APJ
AI Engineering;2025;India;APJ
Serverless;2025;India;APJ
Machine Learning;2023;India;APJ
Cloud Operations;2025;Netherlands;EMEA
AI Engineering;2025;Japan;APJ
Containers;2025;Indonesia;APJ
Cloud Operations;2025;Pakistan;APJ
Machine Learning;2022;Pakistan;APJ
Dev Tools;2020;Japan;APJ
Security;2023;Japan;APJ
Serverless;2021;Uruguay;LATAM
Security;2025;Mexico;LATAM
AI Engineering;2025;El Salvador;LATAM
Containers;2023;Myanmar;APJ
Network C&D;2023;Germany;EMEA
Serverless;2025;South Africa;EMEA
Network C&D;2022;Indonesia;APJ
Machine Learning;2024;Hong Kong;GCR
Data;2025;Colombia;LATAM
Machine Learning;2025;Indonesia;APJ
Serverless;2025;Ecuador;LATAM
Containers;2025;Canada;NAMER
Security;2025;Japan;APJ
Data;2023;Japan;APJ
Serverless;2025;Japan;APJ
Serverless;2023;Japan;APJ
AI Engineering;2025;Japan;APJ
AI Engineering;2025;Viet Nam;APJ
Dev Tools;2022;Kenya;EMEA
Security;2025;Zimbabwe;EMEA
Network C&D;2025;India;APJ
Cloud Operations;2024;Japan;APJ
Serverless;2025;Japan;APJ
Security;2024;Japan;APJ
Serverless;2022;Japan;APJ
Network C&D;2024;New Zealand;APJ
Serverless;2025;UK;EMEA
Cloud Operations;2024;Myanmar;APJ
Containers;2025;Viet Nam;APJ
Dev Tools;2024;Armenia;EMEA
Cloud Operations;2025;Armenia;EMEA
Security;2025;Taiwan;GCR
Cloud Operations;2025;Myanmar;APJ
Containers;2023;Poland;EMEA
Data;2022;Canada;NAMER
Security;2024;Taiwan;GCR
Machine Learning;2025;Viet Nam;APJ
Dev Tools;2025;Germany;EMEA
Dev Tools;2022;Sri Lanka;APJ
Security;2024;Lebanon;EMEA
Cloud Operations;2025;Viet Nam;APJ
AI Engineering;2025;Viet Nam;APJ
Data;2023;Pakistan;APJ
Security;2023;Spain;EMEA
Serverless;2025;UK;EMEA
Containers;2025;Nigeria;EMEA
Containers;2023;Pakistan;APJ
Dev Tools;2025;Tunisia;EMEA
AI Engineering;2025;Indonesia;APJ
Containers;2021;United Arab Emirates;EMEA
Serverless;2021;Finland;EMEA
Security;2025;Ukraine;EMEA
Serverless;2025;Philippines;APJ
Dev Tools;2025;UK;EMEA
Network C&D;2025;Nigeria;EMEA
AI Engineering;2024;Australia;APJ
Security;2024;Israel;EMEA
Serverless;2023;Singapore;APJ
Security;2022;Nigeria;EMEA
Network C&D;2023;Canada;NAMER
Cloud Operations;2023;Sri Lanka;APJ
Serverless;2020;Turkey;EMEA
Serverless;2022;Spain;EMEA
Serverless;2023;Philippines;APJ
Cloud Operations;2025;Malaysia;APJ
Network C&D;2025;Netherlands;EMEA
Serverless;2025;Georgia;EMEA
Cloud Operations;2024;Taiwan;GCR
Machine Learning;2020;Israel;EMEA
Serverless;2023;Switzerland;EMEA
Security;2023;Ghana;EMEA
Network C&D;2025;Ghana;EMEA
Cloud Operations;2023;Nigeria;EMEA
Dev Tools;2025;India;APJ
Machine Learning;2023;India;APJ
Containers;2025;India;APJ
Machine Learning;2024;UK;EMEA
Cloud Operations;2023;Ireland;EMEA
Serverless;2022;Spain;EMEA
Network C&D;2025;Lithuania;EMEA
Containers;2023;Netherlands;EMEA
AI Engineering;2025;Nigeria;EMEA
Network C&D;2023;Philippines;APJ
Serverless;2022;Poland;EMEA
Serverless;2025;UK;EMEA
Data;2022;Netherlands;EMEA
Dev Tools;2022;Kenya;EMEA
Containers;2024;South Korea;APJ
Network C&D;2022;South Korea;APJ
Machine Learning;2024;Poland;EMEA
Data;2025;Sweden;EMEA
Data;2024;Guatemala;LATAM
Serverless;2023;Peru;LATAM
Serverless;2025;UK;EMEA
Cloud Operations;2023;Denmark;EMEA
Containers;2023;Poland;EMEA
Serverless;2023;Poland;EMEA
AI Engineering;2025;UK;EMEA
Cloud Operations;2023;UK;EMEA
Security;2024;USA;NAMER
Serverless;2023;Australia;APJ
Serverless;2022;Kenya;EMEA
Serverless;2025;UK;EMEA
Serverless;2022;UK;EMEA
Cloud Operations;2025;USA;NAMER
Security;2024;Poland;EMEA
Serverless;2025;Germany;EMEA
Machine Learning;2020 beta;India;APJ
Data;2020 beta;Singapore;APJ
Serverless;2022;Germany;EMEA
Data;2024;Peru;LATAM
Machine Learning;2020;Italy;EMEA
AI Engineering;2025;Philippines;APJ
Data;2025;India;APJ
Dev Tools;2023;Poland;EMEA
Containers;2024;Poland;EMEA
Cloud Operations;2022;Canada;NAMER
Cloud Operations;2023;Australia;APJ
AI Engineering;2020 beta;USA;NAMER
Dev Tools;2024;USA;NAMER
Security;2023;USA;NAMER
Serverless;2023;USA;NAMER
Serverless;2020;USA;NAMER
Machine Learning;2025;China;GCR
Cloud Operations;2022;Japan;APJ
Dev Tools;2025;India;APJ
Containers;2022;Spain;EMEA
Serverless;2024;Peru;LATAM
Serverless;2023;UK;EMEA
Serverless;2025;Spain;EMEA
AI Engineering;2025;Uzbekistan;EMEA
Data;2022;India;APJ
Data;2025;India;APJ
Security;2025;United Arab Emirates;EMEA
Serverless;2020;India;APJ
Containers;2024;USA;NAMER
Dev Tools;2020;France;EMEA
Network C&D;2023;Brazil;LATAM
Serverless;2025;Canada;NAMER
Serverless;2025;France;EMEA
Serverless;2022;France;EMEA
Machine Learning;2025;Lebanon;EMEA
Serverless;2021;USA;NAMER
AI Engineering;2025;India;APJ
Security;2020;USA;NAMER
Network C&D;2023;Philippines;APJ
Dev Tools;2020;USA;NAMER
Containers;2024;Sweden;EMEA
Cloud Operations;2025;Sweden;EMEA
Machine Learning;2021;France;EMEA
Security;2023;USA;NAMER
Containers;2025;Slovenia;EMEA
Serverless;2022;Netherlands;EMEA
Dev Tools;2024;USA;NAMER
Data;2023;Brazil;LATAM
AI Engineering;2025;Netherlands;EMEA
Serverless;2024;Colombia;LATAM
Dev Tools;2025;South Korea;APJ
Cloud Operations;2023;China;GCR
AI Engineering;2025;Singapore;APJ
AI Engineering;2023;South Korea;APJ
Serverless;2023;India;APJ
Cloud Operations;2023;USA;NAMER
Serverless;2021;Indonesia;APJ
Serverless;2022;Hong Kong;GCR
Cloud Operations;2021;USA;NAMER
Dev Tools;2023;South Korea;APJ
Machine Learning;2024;India;APJ
Security;2023;South Korea;APJ
Dev Tools;2022;Mexico;LATAM
Serverless;2025;Poland;EMEA
Data;2020 beta;USA;NAMER
Serverless;2024;Ireland;EMEA
Machine Learning;2020;Netherlands;EMEA
Dev Tools;2022;Switzerland;EMEA
AI Engineering;2022;USA;NAMER
Dev Tools;2020;Germany;EMEA
Serverless;2025;UK;EMEA
Cloud Operations;2022;UK;EMEA
Data;2020 beta;USA;NAMER
Data;2023;Spain;EMEA
Dev Tools;2024;Germany;EMEA
AI Engineering;2022;USA;NAMER
Network C&D;2024;New Zealand;APJ
Security;2022;USA;NAMER
Serverless;2022;UK;EMEA
Serverless;2025;Hong Kong;GCR
AI Engineering;2023;Hong Kong;GCR
Machine Learning;2023;Singapore;APJ
Serverless;2021;Philippines;APJ
Cloud Operations;2023;USA;NAMER
Machine Learning;2020;Philippines;APJ
Security;2022;USA;NAMER
Serverless;2023;Singapore;APJ
Data;2023;Brazil;LATAM
Serverless;2023;UK;EMEA
Containers;2025;Ghana;EMEA
Serverless;2025;Sweden;EMEA
AI Engineering;2025;Cameroon;EMEA
Serverless;2023;USA;NAMER
Machine Learning;2022;Spain;EMEA
Machine Learning;2021;USA;NAMER
Serverless;2023;Colombia;LATAM
Security;2025;Peru;LATAM
Serverless;2025;USA;NAMER
Serverless;2022;Netherlands;EMEA
Containers;2023;El Salvador;LATAM
Dev Tools;2023;Spain;EMEA
Dev Tools;2024;Mexico;LATAM
AI Engineering;2022;Australia;APJ
Serverless;2021;Argentina;LATAM
Cloud Operations;2025;Canada;NAMER
Data;2025;Peru;LATAM
Machine Learning;2025;Mexico;LATAM
Cloud Operations;2021;France;EMEA
Containers;2024;USA;NAMER
Security;2024;USA;NAMER
Security;2022;USA;NAMER
Serverless;2025;Canada;NAMER
Containers;2025;Nigeria;EMEA
Security;2025;United Arab Emirates;EMEA
Machine Learning;2024;Canada;NAMER
Cloud Operations;2025;USA;NAMER
Cloud Operations;2023;USA;NAMER
AI Engineering;2025;South Africa;EMEA
Network C&D;2025;Netherlands;EMEA
Serverless;2025;UK;EMEA
Serverless;2025;Lebanon;EMEA
Machine Learning;2020 beta;Finland;EMEA
Machine Learning;2025;South Africa;EMEA
Dev Tools;2025;UK;EMEA
Containers;2023;Colombia;LATAM
Security;2023;Brazil;LATAM
Cloud Operations;2023;USA;NAMER
Security;2025;USA;NAMER
Security;2024;Poland;EMEA
Dev Tools;2023;Germany;EMEA
Dev Tools;2023;Colombia;LATAM
Dev Tools;2022;Brazil;LATAM
Serverless;2025;France;EMEA
Data;2025;Ecuador;LATAM
Cloud Operations;2024;Japan;APJ
Security;2025;Taiwan;GCR
Cloud Operations;2024;China;GCR
AI Engineering;2022;USA;NAMER
Serverless;2021;USA;NAMER
Serverless;2024;Peru;LATAM
AI Engineering;2025;Poland;EMEA
Serverless;2021;Sri Lanka;APJ
Containers;2025;Turkey;EMEA
Containers;2025;Nepal;APJ
Dev Tools;2024;Japan;APJ
Serverless;2025;Japan;APJ
Security;2022;Nigeria;EMEA
Serverless;2025;India;APJ
Security;2025;Australia;APJ
Security;2022;USA;NAMER
Machine Learning;2024;Australia;APJ
Security;2025;Japan;APJ
Serverless;2025;Japan;APJ
Security;2023;India;APJ
Cloud Operations;2024;Japan;APJ
Machine Learning;2024;USA;NAMER
AI Engineering;2025;India;APJ
Data;2025;India;APJ
Dev Tools;2022;India;APJ
Data;2023;Kenya;EMEA
Serverless;2025;Kenya;EMEA
Machine Learning;2021;Egypt;EMEA
Cloud Operations;2020;Norway;EMEA
Cloud Operations;2023;UK;EMEA
Data;2022;Thailand;APJ
Security;2022;Slovakia;EMEA
AI Engineering;2025;India;APJ
Containers;2020;India;APJ
AI Engineering;2025;Canada;NAMER
AI Engineering;2025;India;APJ
Dev Tools;2025;India;APJ
Dev Tools;2025;Pakistan;APJ
AI Engineering;2025;India;APJ
Cloud Operations;2025;India;APJ
Serverless;2023;New Zealand;APJ
Cloud Operations;2025;USA;NAMER
Network C&D;2021;Poland;EMEA
Data;2025;UK;EMEA
Dev Tools;2025;Australia;APJ
Dev Tools;2023;USA;NAMER
Cloud Operations;2023;Japan;APJ
Containers;2022;Myanmar;APJ
Serverless;2025;Sri Lanka;APJ
Serverless;2022;Sri Lanka;APJ
Serverless;2023;Sri Lanka;APJ
AI Engineering;2025;Sri Lanka;APJ
Serverless;2023;India;APJ
Serverless;2025;India;APJ
Dev Tools;2025;Japan;APJ
Dev Tools;2022;Philippines;APJ
Network C&D;2025;USA;NAMER
Cloud Operations;2024;Japan;APJ
AI Engineering;2024;Japan;APJ
Dev Tools;2024;Japan;APJ
Dev Tools;2022;Japan;APJ
Network C&D;2022;India;APJ
Serverless;2023;Japan;APJ
Dev Tools;2025;Japan;APJ
Dev Tools;2025;Kenya;EMEA
Serverless;2022;Nigeria;EMEA
Data;2023;USA;NAMER
Machine Learning;2023;UK;EMEA
Security;2024;India;APJ
Cloud Operations;2023;Germany;EMEA
Serverless;2022;Turkey;EMEA
Containers;2024;Cameroon;EMEA
Security;2023;Sri Lanka;APJ
Machine Learning;2023;Hong Kong;GCR
AI Engineering;2025;Hong Kong;GCR
Containers;2025;Brazil;LATAM
Dev Tools;2022;Japan;APJ
Serverless;2022;Japan;APJ
Network C&D;2020;Japan;APJ
Security;2020;Germany;EMEA
Dev Tools;2022;Nigeria;EMEA
Dev Tools;2025;USA;NAMER
Serverless;2025;Kenya;EMEA
Machine Learning;2024;Hong Kong;GCR
Cloud Operations;2023;Japan;APJ
Cloud Operations;2024;Japan;APJ
Dev Tools;2021;Japan;APJ
Dev Tools;2025;Japan;APJ
Security;2025;France;EMEA
Security;2022;Netherlands;EMEA
Serverless;2021;Sri Lanka;APJ
AI Engineering;2022;Kenya;EMEA
Machine Learning;2024;Taiwan;GCR
Serverless;2023;Ecuador;LATAM
Serverless;2024;Kenya;EMEA
Serverless;2025;Canada;NAMER
Containers;2022;Viet Nam;APJ
Serverless;2025;Viet Nam;APJ
Cloud Operations;2024;Bangladesh;APJ
Dev Tools;2023;Egypt;EMEA
Data;2025;Egypt;EMEA
Dev Tools;2025;USA;NAMER
Data;2023;Viet Nam;APJ
Data;2025;Viet Nam;APJ
Containers;2025;India;APJ
Data;2023;Viet Nam;APJ
Dev Tools;2021;Japan;APJ
Containers;2025;Taiwan;GCR
Security;2025;India;APJ
Containers;2025;UK;EMEA
Machine Learning;2023;India;APJ
Data;2025;Nepal;APJ
Dev Tools;2025;Pakistan;APJ
AI Engineering;2025;Australia;APJ
Security;2025;Poland;EMEA
Serverless;2025;Poland;EMEA
Serverless;2021;Nepal;APJ
Serverless;2025;India;APJ
Data;2025;Japan;APJ
Network C&D;2025;Japan;APJ
Serverless;2025;New Zealand;APJ
Serverless;2023;Japan;APJ
Security;2023;UK;EMEA
Dev Tools;2023;Japan;APJ
Network C&D;2022;Japan;APJ
Containers;2024;Japan;APJ
Containers;2023;Japan;APJ
Serverless;2023;USA;NAMER
Security;2024;Netherlands;EMEA
Dev Tools;2022;Nigeria;EMEA
Cloud Operations;2025;UK;EMEA
Containers;2024;Japan;APJ
Serverless;2021;Japan;APJ
Serverless;2025;Japan;APJ
Dev Tools;2025;India;APJ
Data;2025;Thailand;APJ
Dev Tools;2023;Canada;NAMER
Dev Tools;2020 beta;USA;NAMER
Security;2022;India;APJ
Network C&D;2023;Armenia;EMEA
Containers;2025;India;APJ
AI Engineering;2023;Poland;EMEA
Machine Learning;2024;Malaysia;APJ
Data;2024;South Africa;EMEA
Cloud Operations;2023;Singapore;APJ
AI Engineering;2025;Japan;APJ
Network C&D;2024;United Arab Emirates;EMEA
Security;2025;Netherlands;EMEA
Data;2021;Philippines;APJ
Cloud Operations;2025;Philippines;APJ
AI Engineering;2023;USA;NAMER
Security;2022;Sri Lanka;APJ
Cloud Operations;2025;Nepal;APJ
Security;2025;United Arab Emirates;EMEA
Serverless;2020;Ireland;EMEA
Data;2025;India;APJ
AI Engineering;2025;USA;NAMER
Machine Learning;2023;Germany;EMEA
Serverless;2020;Sweden;EMEA
Containers;2022;Sri Lanka;APJ
AI Engineering;2025;Hungary;EMEA
Network C&D;2024;UK;EMEA
Data;2025;USA;NAMER
Security;2020;Cambodia;APJ
Containers;2025;USA;NAMER
Dev Tools;2025;USA;NAMER
Containers;2022;Brazil;LATAM
Dev Tools;2022;Viet Nam;APJ
Cloud Operations;2023;USA;NAMER
Serverless;2023;UK;EMEA
Dev Tools;2022;China;GCR
Dev Tools;2020;USA;NAMER
Serverless;2025;Germany;EMEA
Network C&D;2022;Indonesia;APJ
AI Engineering;2023;Canada;NAMER
Machine Learning;2024;Philippines;APJ
Cloud Operations;2022;Brazil;LATAM
Containers;2024;Israel;EMEA
Dev Tools;2024;Kenya;EMEA
Machine Learning;2020;Sweden;EMEA
Dev Tools;2025;USA;NAMER
Serverless;2024;New Zealand;APJ
Serverless;2025;South Africa;EMEA
Security;2025;India;APJ
Containers;2023;Viet Nam;APJ
Cloud Operations;2025;Thailand;APJ
Serverless;2024;Peru;LATAM
Data;2025;Indonesia;APJ
Security;2022;Israel;EMEA
Data;2025;Brazil;LATAM
Dev Tools;2022;Switzerland;EMEA
Security;2024;USA;NAMER
Security;2023;Ghana;EMEA
Cloud Operations;2022;United Arab Emirates;EMEA
Containers;2021;Belgium;EMEA
Serverless;2024;Spain;EMEA
Serverless;2020;UK;EMEA
Serverless;2025;Australia;APJ
Cloud Operations;2021;China;GCR
Serverless;2025;Colombia;LATAM
Cloud Operations;2023;Romania;EMEA
Cloud Operations;2020;Romania;EMEA
Dev Tools;2023;Australia;APJ
Network C&D;2025;Kenya;EMEA
Data;2024;Peru;LATAM
Dev Tools;2023;Brazil;LATAM
Network C&D;2022;Spain;EMEA
Network C&D;2024;Brazil;LATAM
Security;2023;Brazil;LATAM
Serverless;2022;UK;EMEA
Serverless;2025;UK;EMEA
Containers;2021;Nigeria;EMEA
Dev Tools;2021;Indonesia;APJ
Serverless;2022;Netherlands;EMEA
Machine Learning;2023;Kenya;EMEA
Machine Learning;2023;Singapore;APJ
Cloud Operations;2024;China;GCR
Containers;2022;Bangladesh;APJ
Cloud Operations;2025;Germany;EMEA
Containers;2022;Sri Lanka;APJ
Cloud Operations;2021;Netherlands;EMEA
Dev Tools;2023;Canada;NAMER
Serverless;2025;India;APJ
Serverless;2025;Sri Lanka;APJ
Data;2022;Mexico;LATAM
Cloud Operations;2025;USA;NAMER
Containers;2025;UK;EMEA
Data;2022;India;APJ
Network C&D;2025;India;APJ
Dev Tools;2023;United Arab Emirates;EMEA
Data;2025;Egypt;EMEA
Network C&D;2025;United Arab Emirates;EMEA
Data;2025;Pakistan;APJ
Containers;2025;Australia;APJ
Security;2025;Japan;APJ
Dev Tools;2025;USA;NAMER
Serverless;2024;Germany;EMEA
Containers;2025;Brazil;LATAM
Dev Tools;2023;USA;NAMER
Serverless;2023;United Arab Emirates;EMEA
Data;2024;Kenya;EMEA
Dev Tools;2024;Japan;APJ
Serverless;2023;Singapore;APJ
Serverless;2025;Netherlands;EMEA
Dev Tools;2025;Germany;EMEA
Cloud Operations;2025;Senegal;EMEA
Network C&D;2025;Sweden;EMEA
Security;2023;UK;EMEA
Data;2025;USA;NAMER
Security;2023;Kenya;EMEA
Security;2025;Japan;APJ
Data;2025;India;APJ
Machine Learning;2021;UK;EMEA
Containers;2025;India;APJ
Cloud Operations;2023;India;APJ
Network C&D;2024;India;APJ
Data;2025;UK;EMEA
Containers;2024;India;APJ
Serverless;2023;Australia;APJ
Serverless;2025;India;APJ
Dev Tools;2023;India;APJ
Dev Tools;2024;Portugal;EMEA
Serverless;2023;Spain;EMEA
Security;2025;Mexico;LATAM
Cloud Operations;2025;Germany;EMEA
Serverless;2025;Germany;EMEA
Dev Tools;2022;Sri Lanka;APJ
Serverless;2022;Canada;NAMER
Serverless;2025;Canada;NAMER
AI Engineering;2025;Lebanon;EMEA
Containers;2021;Brazil;LATAM
Containers;2021;UK;EMEA
Network C&D;2021;Japan;APJ
Security;2022;UK;EMEA
Serverless;2022;UK;EMEA
Cloud Operations;2025;Mexico;LATAM
Data;2022;Peru;LATAM
Network C&D;2023;Brazil;LATAM
Serverless;2023;Brazil;LATAM
Containers;2022;Sweden;EMEA
Containers;2023;Sweden;EMEA
Security;2021;Czech Republic;EMEA
Dev Tools;2022;Peru;LATAM
Network C&D;2022;Poland;EMEA
Network C&D;2023;USA;NAMER
Security;2023;Argentina;LATAM
AI Engineering;2025;Colombia;LATAM
Cloud Operations;2022;UK;EMEA
Containers;2025;UK;EMEA
Security;2025;Mexico;LATAM
Cloud Operations;2025;France;EMEA
Serverless;2025;UK;EMEA
Serverless;2021;Montenegro;EMEA
Dev Tools;2021;Mexico;LATAM
Security;2024;Peru;LATAM
Cloud Operations;2025;Colombia;LATAM
Containers;2021;USA;NAMER
Dev Tools;2022;UK;EMEA
Dev Tools;2022;Kenya;EMEA
Dev Tools;2021;UK;EMEA
AI Engineering;2020;Hungary;EMEA
Security;2024;New Zealand;APJ
Network C&D;2025;Netherlands;EMEA
Serverless;2022;Serbia;EMEA
Serverless;2024;Slovakia;EMEA
Containers;2025;UK;EMEA
Cloud Operations;2022;Finland;EMEA
Cloud Operations;2022;Bulgaria;EMEA
Containers;2022;Germany;EMEA
Machine Learning;2020 beta;USA;NAMER
Serverless;2022;Germany;EMEA
AI Engineering;2025;Argentina;LATAM
Security;2025;Argentina;LATAM
Serverless;2024;Sweden;EMEA
Security;2023;USA;NAMER
Serverless;2023;UK;EMEA
Dev Tools;2020;Palestine;EMEA
Security;2025;USA;NAMER
Dev Tools;2025;Japan;APJ
Dev Tools;2022;Japan;APJ
Serverless;2024;Japan;APJ
Serverless;2023;Japan;APJ
Dev Tools;2025;Japan;APJ
AI Engineering;2025;Japan;APJ
Cloud Operations;2021;Japan;APJ
Dev Tools;2022;Japan;APJ
Dev Tools;2025;Japan;APJ
Machine Learning;2021;Japan;APJ
Dev Tools;2025;Netherlands;EMEA
Serverless;2021;Poland;EMEA
Machine Learning;2024;Germany;EMEA
Security;2023;Brazil;LATAM
Serverless;2025;Netherlands;EMEA
Serverless;2025;Malta;EMEA
Containers;2025;India;APJ
AI Engineering;2021;Argentina;LATAM
Containers;2025;Argentina;LATAM
Containers;2025;Argentina;LATAM
Containers;2020;USA;NAMER
Dev Tools;2020;USA;NAMER
Machine Learning;2023;France;EMEA
Serverless;2023;UK;EMEA
Serverless;2024;USA;NAMER
Serverless;2020;USA;NAMER
Containers;2022;Italy;EMEA
Data;2020;UK;EMEA
Network C&D;2023;USA;NAMER
Serverless;2022;Australia;APJ
Serverless;2022;UK;EMEA
Serverless;2020;Australia;APJ
Machine Learning;2022;Switzerland;EMEA
Serverless;2021;Canada;NAMER
Serverless;2021;Germany;EMEA
Dev Tools;2023;Ghana;EMEA
Machine Learning;2023;Cameroon;EMEA
Security;2025;India;APJ
Machine Learning;2025;USA;NAMER
Network C&D;2025;Congo;EMEA
Containers;2023;Japan;APJ
Containers;2022;Bangladesh;APJ
Machine Learning;2021;Bangladesh;APJ
Security;2023;USA;NAMER
Serverless;2023;Bangladesh;APJ
Serverless;2023;Bangladesh;APJ
Serverless;2022;Bangladesh;APJ
Serverless;2025;Malaysia;APJ
Machine Learning;2022;Bangladesh;APJ
Security;2025;USA;NAMER
Dev Tools;2025;USA;NAMER
Security;2022;Turkey;EMEA
Containers;2021;India;APJ
Data;2021;Indonesia;APJ
Security;2020;France;EMEA
Containers;2025;UK;EMEA
Cloud Operations;2025;Norway;EMEA
Machine Learning;2021;Pakistan;APJ
Serverless;2022;Lebanon;EMEA
Security;2025;USA;NAMER
Containers;2023;Nigeria;EMEA
Containers;2024;USA;NAMER
Data;2024;USA;NAMER
Dev Tools;2022;USA;NAMER
Security;2022;USA;NAMER
Security;2023;Austria;EMEA
Serverless;2020;Japan;APJ
Serverless;2025;Nigeria;EMEA
Serverless;2025;Australia;APJ
Security;2025;USA;NAMER
Security;2025;USA;NAMER
Containers;2023;Slovakia;EMEA
Security;2023;Poland;EMEA
Serverless;2021;Poland;EMEA
Serverless;2024;Czech Republic;EMEA
Serverless;2025;India;APJ
Cloud Operations;2022;UK;EMEA
Containers;2022;Spain;EMEA
Network C&D;2023;Spain;EMEA
Serverless;2024;USA;NAMER
Data;2025;Latvia;EMEA
Cloud Operations;2021;Hungary;EMEA
Dev Tools;2025;Netherlands;EMEA
Cloud Operations;2021;USA;NAMER
Containers;2025;USA;NAMER
Serverless;2024;Czech Republic;EMEA
Security;2024;Japan;APJ
Machine Learning;2023;Germany;EMEA
Cloud Operations;2021;Bangladesh;APJ
AI Engineering;2025;South Korea;APJ
Data;2022;South Korea;APJ
Dev Tools;2023;Japan;APJ
Serverless;2022;Japan;APJ
Data;2024;Bangladesh;APJ
Cloud Operations;2025;Japan;APJ
Dev Tools;2023;Pakistan;APJ
Data;2022;Lebanon;EMEA
Dev Tools;2021;Lebanon;EMEA
Containers;2023;Sri Lanka;APJ
Containers;2023;Sri Lanka;APJ
Machine Learning;2021;Egypt;EMEA
Serverless;2021;Germany;EMEA
Serverless;2025;Egypt;EMEA
Network C&D;2025;Morocco;EMEA
Data;2025;Egypt;EMEA
Network C&D;2025;Netherlands;EMEA
Serverless;2025;Egypt;EMEA
Containers;2022;Pakistan;APJ
Machine Learning;2025;Pakistan;APJ
Serverless;2025;Lebanon;EMEA
Serverless;2020 beta;India;APJ
Serverless;2025;Nigeria;EMEA
Network C&D;2023;India;APJ
Network C&D;2024;India;APJ
Serverless;2025;India;APJ
Cloud Operations;2025;Australia;APJ
Containers;2021;India;APJ
Serverless;2025;India;APJ
Containers;2025;Thailand;APJ
Network C&D;2023;Mexico;LATAM
Machine Learning;2024;UK;EMEA
Cloud Operations;2023;Kenya;EMEA
Dev Tools;2025;South Korea;APJ
Cloud Operations;2025;Egypt;EMEA
Security;2024;Canada;NAMER
Security;2025;Nigeria;EMEA
Dev Tools;2025;Tunisia;EMEA
Serverless;2025;Germany;EMEA
Network C&D;2025;South Africa;EMEA
Data;2025;USA;NAMER
Dev Tools;2023;Saudi Arabia;EMEA
Containers;2023;Pakistan;APJ
Data;2021;Pakistan;APJ
Data;2023;Indonesia;APJ
AI Engineering;2023;United Arab Emirates;EMEA
Dev Tools;2023;Pakistan;APJ
Dev Tools;2023;Netherlands;EMEA
Dev Tools;2024;Pakistan;APJ
Dev Tools;2022;Pakistan;APJ
AI Engineering;2021;Pakistan;APJ
Machine Learning;2022;Nigeria;EMEA
Security;2022;USA;NAMER
Data;2025;Pakistan;APJ
Machine Learning;2025;Pakistan;APJ
Cloud Operations;2025;Indonesia;APJ
Machine Learning;2025;Singapore;APJ
Serverless;2025;Pakistan;APJ
Network C&D;2025;Pakistan;APJ
Containers;2023;India;APJ
Data;2021;Turkey;EMEA
Network C&D;2023;Egypt;EMEA
Containers;2023;India;APJ
Security;2024;India;APJ
AI Engineering;2025;Nepal;APJ
Cloud Operations;2023;India;APJ
Dev Tools;2023;UK;EMEA
Dev Tools;2023;Turkey;EMEA
Machine Learning;2021;Pakistan;APJ
Containers;2021;Turkey;EMEA
Security;2025;USA;NAMER
AI Engineering;2021;India;APJ
Cloud Operations;2025;India;APJ
Containers;2022;USA;NAMER
Security;2024;USA;NAMER
Containers;2023;Poland;EMEA
Containers;2025;India;APJ
Machine Learning;2023;Australia;APJ
Serverless;2025;USA;NAMER
Serverless;2022;Sri Lanka;APJ
Data;2025;Bangladesh;APJ
Containers;2021;India;APJ
Containers;2023;India;APJ
Security;2024;UK;EMEA
Containers;2025;India;APJ
Network C&D;2025;Japan;APJ
Containers;2022;Argentina;LATAM
Containers;2025;UK;EMEA
Security;2025;USA;NAMER
Cloud Operations;2021;India;APJ
Cloud Operations;2023;India;APJ
Security;2025;Kenya;EMEA
Network C&D;2022;USA;NAMER
Machine Learning;2024;Japan;APJ
Dev Tools;2025;Japan;APJ
Serverless;2023;France;EMEA
Network C&D;2025;UK;EMEA
Serverless;2020;India;APJ
Dev Tools;2025;India;APJ
Dev Tools;2021;UK;EMEA
Dev Tools;2025;New Zealand;APJ
Cloud Operations;2024;USA;NAMER
Machine Learning;2023;Nigeria;EMEA
Dev Tools;2025;Thailand;APJ
Cloud Operations;2023;India;APJ
Cloud Operations;2023;India;APJ
Containers;2021;USA;NAMER
Cloud Operations;2024;India;APJ
Cloud Operations;2020;USA;NAMER
Serverless;2021;Bahamas;NAMER
Cloud Operations;2025;USA;NAMER
Data;2023;USA;NAMER
Data;2021;USA;NAMER
Security;2025;UK;EMEA
Cloud Operations;2023;India;APJ
Cloud Operations;2025;India;APJ
Cloud Operations;2023;UK;EMEA
Serverless;2025;Philippines;APJ
AI Engineering;2025;UK;EMEA
Dev Tools;2022;Philippines;APJ
Serverless;2025;Viet Nam;APJ
Network C&D;2025;Nigeria;EMEA
Containers;2024;Viet Nam;APJ
Network C&D;2023;Viet Nam;APJ
Dev Tools;2022;Ireland;EMEA
Security;2021;USA;NAMER
Security;2022;USA;NAMER
AI Engineering;2025;Singapore;APJ
Cloud Operations;2022;Netherlands;EMEA
Security;2020;Denmark;EMEA
Machine Learning;2025;Australia;APJ
Security;2025;New Zealand;APJ
Serverless;2025;UK;EMEA
Containers;2025;Chile;LATAM
Serverless;2025;Italy;EMEA
Containers;2021;Lebanon;EMEA
Network C&D;2023;Argentina;LATAM
Security;2025;Colombia;LATAM
Dev Tools;2025;Malaysia;APJ
AI Engineering;2025;USA;NAMER
Containers;2025;USA;NAMER
Network C&D;2023;Philippines;APJ
Serverless;2025;India;APJ
Containers;2022;Ukraine;EMEA
Serverless;2025;Canada;NAMER
Containers;2025;Israel;EMEA
Cloud Operations;2023;UK;EMEA
Cloud Operations;2021;Finland;EMEA
Dev Tools;2023;Finland;EMEA
Serverless;2024;Germany;EMEA
Security;2020;Bulgaria;EMEA
Containers;2022;India;APJ
Data;2025;USA;NAMER
Serverless;2025;Nepal;APJ
Dev Tools;2023;India;APJ
Containers;2023;India;APJ
Serverless;2025;Nepal;APJ
Cloud Operations;2024;India;APJ
Serverless;2025;Nepal;APJ
Containers;2025;Ireland;EMEA
Network C&D;2025;Sri Lanka;APJ
Containers;2024;Australia;APJ
Data;2025;USA;NAMER
Serverless;2022;Sri Lanka;APJ
Security;2025;Japan;APJ
Cloud Operations;2023;Japan;APJ
Security;2020;Kenya;EMEA
Security;2021;Turkey;EMEA
Containers;2021;Indonesia;APJ
Dev Tools;2023;South Africa;EMEA
Security;2023;Sri Lanka;APJ
Dev Tools;2024;Nigeria;EMEA
Serverless;2025;Chile;LATAM
Dev Tools;2025;UK;EMEA
Containers;2025;USA;NAMER
Dev Tools;2022;Nigeria;EMEA
Machine Learning;2025;Turkey;EMEA
Containers;2025;Japan;APJ
Dev Tools;2025;UK;EMEA
Dev Tools;2022;Nigeria;EMEA
Network C&D;2025;Canada;NAMER
Containers;2025;Nigeria;EMEA
Machine Learning;2023;Nigeria;EMEA
Machine Learning;2023;Japan;APJ
Containers;2025;Poland;EMEA
Security;2022;Ukraine;EMEA
Data;2024;Germany;EMEA
Serverless;2024;Australia;APJ
Dev Tools;2025;France;EMEA
Cloud Operations;2022;Nigeria;EMEA
Serverless;2025;Nigeria;EMEA
Containers;2022;Nigeria;EMEA
Network C&D;2022;Nigeria;EMEA
Network C&D;2022;USA;NAMER
AI Engineering;2025;USA;NAMER
Containers;2022;Nigeria;EMEA
Containers;2022;Nigeria;EMEA
Dev Tools;2022;Nigeria;EMEA
Serverless;2023;Nigeria;EMEA
Machine Learning;2022;Nigeria;EMEA
Containers;2022;USA;NAMER
Dev Tools;2023;UK;EMEA
Serverless;2024;France;EMEA
Cloud Operations;2023;India;APJ
AI Engineering;2023;India;APJ
Network C&D;2022;Turkey;EMEA
Network C&D;2022;Nigeria;EMEA
Containers;2025;Israel;EMEA
Security;2025;Israel;EMEA
Serverless;2025;Israel;EMEA
Security;2022;Israel;EMEA
Network C&D;2025;Nigeria;EMEA
Data;2022;Turkey;EMEA
Data;2022;Jordan;EMEA
Cloud Operations;2022;Brazil;LATAM
Serverless;2022;Spain;EMEA
Machine Learning;2025;Colombia;LATAM
Serverless;2022;Nigeria;EMEA
Network C&D;2025;Nigeria;EMEA
Serverless;2023;Germany;EMEA
Serverless;2025;Morocco;EMEA
Dev Tools;2022;Turkey;EMEA
Cloud Operations;2023;Turkey;EMEA
Containers;2021;Argentina;LATAM
Security;2023;Estonia;EMEA
Cloud Operations;2025;Nigeria;EMEA
Machine Learning;2020;Spain;EMEA
Network C&D;2024;India;APJ
Dev Tools;2022;Sri Lanka;APJ
Data;2023;India;APJ
Data;2020;Bangladesh;APJ
Containers;2025;Sri Lanka;APJ
Serverless;2025;Germany;EMEA
Cloud Operations;2023;Italy;EMEA
Serverless;2022;Italy;EMEA
Security;2021;USA;NAMER
Network C&D;2025;Kenya;EMEA
Cloud Operations;2025;Germany;EMEA
Dev Tools;2022;Poland;EMEA
Containers;2023;Singapore;APJ
Data;2024;UK;EMEA
Machine Learning;2023;USA;NAMER
Network C&D;2023;UK;EMEA
Security;2022;UK;EMEA
Serverless;2024;France;EMEA
Containers;2025;UK;EMEA
Cloud Operations;2025;Ghana;EMEA
Network C&D;2023;Kenya;EMEA
Cloud Operations;2022;Brazil;LATAM
Network C&D;2020;Brazil;LATAM
Security;2022;Brazil;LATAM
Serverless;2025;Cyprus;EMEA
AI Engineering;2025;India;APJ
AI Engineering;2025;India;APJ
Cloud Operations;2023;Poland;EMEA
Dev Tools;2023;Germany;EMEA
Security;2023;Poland;EMEA
Serverless;2021;Germany;EMEA
Serverless;2022;Finland;EMEA
Cloud Operations;2022;Italy;EMEA
Dev Tools;2023;UK;EMEA
Dev Tools;2023;USA;NAMER
Network C&D;2024;USA;NAMER
Serverless;2022;Kenya;EMEA
Cloud Operations;2023;Nigeria;EMEA
Cloud Operations;2021;Finland;EMEA
Serverless;2025;Kenya;EMEA
Security;2025;Viet Nam;APJ
Network C&D;2025;Belgium;EMEA
Machine Learning;2020;UK;EMEA
Network C&D;2025;Brazil;LATAM
Machine Learning;2023;Kenya;EMEA
Network C&D;2023;Viet Nam;APJ
Security;2023;South Africa;EMEA
Security;2025;Colombia;LATAM
Serverless;2022;China;GCR
Cloud Operations;2024;Germany;EMEA
Containers;2023;Poland;EMEA
Serverless;2022;Poland;EMEA
Serverless;2023;Poland;EMEA
Containers;2022;Sri Lanka;APJ
Containers;2020;India;APJ
Security;2022;India;APJ
Containers;2021;Canada;NAMER
Serverless;2025;Thailand;APJ
Machine Learning;2024;India;APJ
Dev Tools;2025;Nepal;APJ
Machine Learning;2025;India;APJ
Serverless;2023;India;APJ
Network C&D;2025;Thailand;APJ
Data;2020;India;APJ
Cloud Operations;2025;India;APJ
AI Engineering;2023;India;APJ
Serverless;2021;Singapore;APJ
Machine Learning;2023;India;APJ
Network C&D;2024;Canada;NAMER
Serverless;2025;India;APJ
Cloud Operations;2025;India;APJ
Network C&D;2023;India;APJ
Serverless;2023;Sri Lanka;APJ
Containers;2025;India;APJ
Containers;2025;UK;EMEA
Cloud Operations;2025;Nepal;APJ
Cloud Operations;2023;India;APJ
Data;2023;USA;NAMER
Containers;2025;India;APJ
Containers;2025;Nepal;APJ
Data;2023;India;APJ
Containers;2025;India;APJ
Cloud Operations;2025;India;APJ
Dev Tools;2021;USA;NAMER
Containers;2025;Australia;APJ
Containers;2025;India;APJ
Containers;2025;India;APJ
Cloud Operations;2023;Finland;EMEA
Serverless;2021;Malaysia;APJ
Serverless;2023;India;APJ
Security;2025;India;APJ
Cloud Operations;2022;Sri Lanka;APJ
Security;2024;Netherlands;EMEA
Containers;2025;Nigeria;EMEA
Serverless;2022;Poland;EMEA
Serverless;2021;Netherlands;EMEA
Cloud Operations;2022;India;APJ
Serverless;2023;India;APJ
Containers;2020;South Korea;APJ
Machine Learning;2022;Pakistan;APJ
Serverless;2022;Pakistan;APJ
Serverless;2023;Japan;APJ
Machine Learning;2022;Nigeria;EMEA
Cloud Operations;2023;Nepal;APJ
Network C&D;2025;Nepal;APJ
Serverless;2023;Poland;EMEA
Serverless;2025;Malaysia;APJ
Dev Tools;2024;Spain;EMEA
Serverless;2022;Brazil;LATAM
Serverless;2022;USA;NAMER
AI Engineering;2025;India;APJ
Machine Learning;2024;USA;NAMER
Security;2024;India;APJ
Machine Learning;2024;India;APJ
Serverless;2025;India;APJ
Data;2022;India;APJ
Containers;2023;India;APJ
Cloud Operations;2020;India;APJ
Containers;2021;India;APJ
Data;2023;India;APJ
Dev Tools;2023;Finland;EMEA
Security;2023;Australia;APJ
Serverless;2022;India;APJ
Serverless;2022;India;APJ
Serverless;2021;Australia;APJ
Serverless;2023;India;APJ
Data;2025;India;APJ
Serverless;2025;India;APJ
Serverless;2025;India;APJ
Cloud Operations;2023;Brazil;LATAM
Containers;2023;India;APJ
Cloud Operations;2023;India;APJ
Serverless;2025;Nepal;APJ
Serverless;2025;India;APJ
Containers;2025;India;APJ
Serverless;2023;India;APJ
Data;2025;India;APJ
Cloud Operations;2025;Nepal;APJ
Security;2025;USA;NAMER
Dev Tools;2025;Netherlands;EMEA
Security;2024;India;APJ
Security;2022;India;APJ
Serverless;2025;Netherlands;EMEA
Cloud Operations;2025;UK;EMEA
Dev Tools;2021;India;APJ
Security;2021;Singapore;APJ
Data;2024;Nepal;APJ
AI Engineering;2025;India;APJ
Containers;2025;USA;NAMER
Security;2024;New Zealand;APJ
Cloud Operations;2022;UK;EMEA
Security;2024;USA;NAMER
Data;2022;India;APJ
Serverless;2025;Sri Lanka;APJ
Data;2025;Netherlands;EMEA
Dev Tools;2025;UK;EMEA
AI Engineering;2025;Switzerland;EMEA
Dev Tools;2022;Nigeria;EMEA
Dev Tools;2022;USA;NAMER
Serverless;2021;Brazil;LATAM
Serverless;2024;Germany;EMEA
Containers;2023;India;APJ
Serverless;2023;India;APJ
Dev Tools;2025;India;APJ
Containers;2025;Malaysia;APJ
Serverless;2023;India;APJ
Serverless;2022;Sweden;EMEA
Security;2023;UK;EMEA
Security;2024;USA;NAMER
Dev Tools;2023;India;APJ
Serverless;2021;Singapore;APJ
Serverless;2025;USA;NAMER
Containers;2023;India;APJ
Dev Tools;2022;Iraq;EMEA
AI Engineering;2025;Singapore;APJ
Network C&D;2025;UK;EMEA
Security;2023;Australia;APJ
Network C&D;2025;Kenya;EMEA
Serverless;2024;South Africa;EMEA
Containers;2022;India;APJ
Serverless;2021;Australia;APJ
Machine Learning;2024;Australia;APJ
Containers;2025;USA;NAMER
AI Engineering;2025;Japan;APJ
Containers;2025;France;EMEA
Machine Learning;2023;Hong Kong;GCR
Cloud Operations;2025;Canada;NAMER
Cloud Operations;2023;Australia;APJ
AI Engineering;2021;Argentina;LATAM
Serverless;2025;Netherlands;EMEA
Data;2025;Germany;EMEA
Security;2024;USA;NAMER
Serverless;2023;UK;EMEA
Serverless;2025;Nigeria;EMEA
AI Engineering;2025;Taiwan;GCR
Cloud Operations;2023;Japan;APJ
Data;2020;Australia;APJ
AI Engineering;2025;USA;NAMER
Dev Tools;2020;Canada;NAMER
Cloud Operations;2024;India;APJ
Serverless;2025;India;APJ
AI Engineering;2025;Nepal;APJ
Serverless;2025;India;APJ
Data;2025;India;APJ
Cloud Operations;2023;India;APJ
Containers;2024;India;APJ
Serverless;2025;Canada;NAMER
Dev Tools;2021;Indonesia;APJ
Containers;2023;Belgium;EMEA
Data;2020;Netherlands;EMEA
Security;2023;Switzerland;EMEA
Serverless;2022;UK;EMEA
Serverless;2023;Netherlands;EMEA
Serverless;2021;USA;NAMER
Network C&D;2021;UK;EMEA
Containers;2024;Brazil;LATAM
Containers;2024;Brazil;LATAM
Dev Tools;2022;Brazil;LATAM
Serverless;2022;USA;NAMER
Cloud Operations;2020;Indonesia;APJ
Security;2021;USA;NAMER
Network C&D;2022;Nigeria;EMEA
Containers;2021;India;APJ
Data;2023;Canada;NAMER
Containers;2022;Portugal;EMEA
Serverless;2023;Slovakia;EMEA
Dev Tools;2025;Ukraine;EMEA
Containers;2023;Philippines;APJ
AI Engineering;2025;India;APJ
Data;2024;Spain;EMEA
Containers;2025;Albania;EMEA
Machine Learning;2024;Australia;APJ
Network C&D;2025;Kenya;EMEA
Security;2025;Nepal;APJ
Cloud Operations;2020;USA;NAMER
Serverless;2025;UK;EMEA
AI Engineering;2025;Netherlands;EMEA
Security;2025;Israel;EMEA
Security;2022;Australia;APJ
Dev Tools;2022;Spain;EMEA
Cloud Operations;2024;Spain;EMEA
Machine Learning;2025;Norway;EMEA
Security;2025;USA;NAMER
Dev Tools;2025;USA;NAMER
AI Engineering;2025;Sri Lanka;APJ
Network C&D;2025;India;APJ
Serverless;2025;India;APJ
Dev Tools;2023;UK;EMEA
Cloud Operations;2023;USA;NAMER
Cloud Operations;2022;UK;EMEA
Cloud Operations;2024;USA;NAMER
Containers;2024;USA;NAMER
AI Engineering;2022;UK;EMEA
Serverless;2023;UK;EMEA
Cloud Operations;2025;USA;NAMER
Serverless;2025;USA;NAMER
Network C&D;2025;Canada;NAMER
Serverless;2025;USA;NAMER
Cloud Operations;2023;Japan;APJ
Cloud Operations;2023;Japan;APJ
Serverless;2025;Japan;APJ
Cloud Operations;2025;Japan;APJ
Machine Learning;2024;Japan;APJ
Network C&D;2023;Japan;APJ
Network C&D;2023;Japan;APJ
Serverless;2024;Japan;APJ
AI Engineering;2025;Japan;APJ
Containers;2022;United Arab Emirates;EMEA
Serverless;2022;Israel;EMEA
Cloud Operations;2025;Nepal;APJ
Containers;2025;Indonesia;APJ
Dev Tools;2022;India;APJ
Data;2025;Australia;APJ
Dev Tools;2023;UK;EMEA
Containers;2025;UK;EMEA
Network C&D;2023;South Korea;APJ
AI Engineering;2025;France;EMEA
Containers;2022;India;APJ
Dev Tools;2023;Nepal;APJ
Serverless;2025;New Zealand;APJ
Dev Tools;2023;Sri Lanka;APJ
Cloud Operations;2025;UK;EMEA
Containers;2025;USA;NAMER
Cloud Operations;2020;Sweden;EMEA
Containers;2024;Netherlands;EMEA
AI Engineering;2025;USA;NAMER
Containers;2024;India;APJ
Network C&D;2023;Nepal;APJ
Security;2025;India;APJ
AI Engineering;2023;India;APJ
Machine Learning;2021;Pakistan;APJ
Dev Tools;2025;India;APJ
Serverless;2020;UK;EMEA
Data;2025;Philippines;APJ
Data;2023;Kazakhstan;EMEA
Security;2023;Cameroon;EMEA
Dev Tools;2025;UK;EMEA
Data;2022;USA;NAMER
Containers;2023;Singapore;APJ
AI Engineering;2025;India;APJ
Cloud Operations;2025;Germany;EMEA
Cloud Operations;2025;United Arab Emirates;EMEA
Containers;2025;Pakistan;APJ
Cloud Operations;2025;Malaysia;APJ
Dev Tools;2024;USA;NAMER
Machine Learning;2024;USA;NAMER
Network C&D;2025;Nigeria;EMEA
Security;2025;Spain;EMEA
Serverless;2025;Portugal;EMEA
Containers;2025;Hong Kong;GCR
Data;2022;Algeria;EMEA
Data;2020;India;APJ
Dev Tools;2023;USA;NAMER
AI Engineering;2025;India;APJ
Cloud Operations;2025;India;APJ
Containers;2025;Germany;EMEA
Cloud Operations;2021;India;APJ
AI Engineering;2024;Colombia;LATAM
Dev Tools;2020;South Korea;APJ
AI Engineering;2025;South Korea;APJ
Containers;2023;South Korea;APJ
AI Engineering;2025;India;APJ
Data;2025;India;APJ
Data;2025;Sri Lanka;APJ
Data;2023;India;APJ
Security;2021;Australia;APJ
Security;2025;Nepal;APJ
Security;2025;India;APJ
Network C&D;2023;Malaysia;APJ
Containers;2021;Spain;EMEA
Serverless;2023;Nepal;APJ
Security;2023;Singapore;APJ
Machine Learning;2025;India;APJ
Security;2025;India;APJ
Network C&D;2021;India;APJ
Machine Learning;2021;India;APJ
Cloud Operations;2023;India;APJ
Machine Learning;2022;India;APJ
Dev Tools;2023;Nepal;APJ
Cloud Operations;2025;USA;NAMER
Serverless;2022;India;APJ
Data;2025;Japan;APJ
Network C&D;2023;India;APJ
Serverless;2023;India;APJ
Serverless;2023;Nepal;APJ
Containers;2023;India;APJ
Containers;2025;India;APJ
Dev Tools;2024;USA;NAMER
Security;2025;USA;NAMER
Data;2023;USA;NAMER
Security;2023;Netherlands;EMEA
Network C&D;2022;Poland;EMEA
Serverless;2021;Sweden;EMEA
Serverless;2025;Mexico;LATAM
AI Engineering;2025;India;APJ
Data;2021;Australia;APJ
Machine Learning;2024;USA;NAMER
Containers;2022;South Korea;APJ
Serverless;2024;South Korea;APJ
Containers;2025;South Korea;APJ
Serverless;2025;Sweden;EMEA
Data;2025;Luxembourg;EMEA
Dev Tools;2021;Turkey;EMEA
Containers;2025;Uzbekistan;EMEA
Serverless;2023;Uzbekistan;EMEA
Network C&D;2024;Spain;EMEA
Dev Tools;2025;USA;NAMER
Dev Tools;2021;Ukraine;EMEA
Security;2023;USA;NAMER
Serverless;2023;USA;NAMER
Serverless;2025;Ghana;EMEA
AI Engineering;2025;South Korea;APJ
Cloud Operations;2024;South Korea;APJ
Cloud Operations;2023;Turkey;EMEA
Security;2024;USA;NAMER
Data;2021;USA;NAMER
Serverless;2022;USA;NAMER
Serverless;2025;India;APJ
Machine Learning;2024;USA;NAMER
Serverless;2022;Pakistan;APJ
Dev Tools;2025;Israel;EMEA
Containers;2021;India;APJ
Cloud Operations;2022;Nigeria;EMEA
Network C&D;2022;USA;NAMER
AI Engineering;2025;Finland;EMEA
Data;2022;Bahrain;EMEA
Network C&D;2025;Australia;APJ
Cloud Operations;2023;Pakistan;APJ
Network C&D;2021;India;APJ
AI Engineering;2025;Pakistan;APJ
Containers;2023;India;APJ
AI Engineering;2025;India;APJ
Containers;2024;Australia;APJ
Serverless;2025;Nigeria;EMEA
Serverless;2025;Nigeria;EMEA
Security;2022;Panama;LATAM
Dev Tools;2023;Japan;APJ
Serverless;2022;Japan;APJ
Data;2025;Japan;APJ
AI Engineering;2025;Japan;APJ
Containers;2023;Japan;APJ
Cloud Operations;2025;Japan;APJ
Cloud Operations;2024;Japan;APJ
Serverless;2025;Japan;APJ
Cloud Operations;2021;Japan;APJ
Serverless;2023;Japan;APJ
Machine Learning;2022;India;APJ
Security;2024;Nigeria;EMEA
Serverless;2025;Taiwan;GCR
Security;2025;India;APJ
Containers;2025;India;APJ
Network C&D;2025;India;APJ
Dev Tools;2025;India;APJ
Network C&D;2025;Japan;APJ
Network C&D;2025;India;APJ
Security;2025;Ireland;EMEA
Serverless;2023;India;APJ
Security;2023;India;APJ
Machine Learning;2025;India;APJ
Serverless;2023;USA;NAMER
Dev Tools;2022;India;APJ
Serverless;2025;India;APJ
Containers;2025;Ireland;EMEA
Security;2023;Germany;EMEA
Security;2025;Malaysia;APJ
Serverless;2025;Germany;EMEA
Data;2025;Japan;APJ
Containers;2021;India;APJ
Serverless;2023;Sri Lanka;APJ
Security;2022;India;APJ
AI Engineering;2025;China;GCR
Dev Tools;2023;UK;EMEA
Dev Tools;2025;Ghana;EMEA
Serverless;2025;Italy;EMEA
Dev Tools;2025;South Africa;EMEA
Dev Tools;2025;Tunisia;EMEA
Dev Tools;2025;Thailand;APJ
Serverless;2023;India;APJ
Security;2024;Germany;EMEA
Serverless;2025;India;APJ
Dev Tools;2025;UK;EMEA
Data;2023;Germany;EMEA
Serverless;2025;Myanmar;APJ
Network C&D;2025;India;APJ
AI Engineering;2024;India;APJ
Serverless;2021;France;EMEA
Serverless;2020 beta;Germany;EMEA
Serverless;2023;Japan;APJ
Cloud Operations;2022;Kenya;EMEA
Serverless;2025;India;APJ
Security;2024;India;APJ
Containers;2025;Japan;APJ
Serverless;2023;India;APJ
Cloud Operations;2022;Australia;APJ
Cloud Operations;2025;Canada;NAMER
Containers;2023;India;APJ
Serverless;2023;India;APJ
AI Engineering;2022;Ireland;EMEA
Dev Tools;2023;USA;NAMER
Containers;2022;Ukraine;EMEA
Containers;2025;Israel;EMEA
Dev Tools;2024;New Zealand;APJ
Dev Tools;2020;USA;NAMER
Serverless;2023;Germany;EMEA
Network C&D;2022;Switzerland;EMEA
Network C&D;2021;Germany;EMEA
Dev Tools;2025;Kenya;EMEA
Security;2022;Brazil;LATAM
Cloud Operations;2023;Cameroon;EMEA
Cloud Operations;2025;Nigeria;EMEA
Cloud Operations;2023;USA;NAMER
Cloud Operations;2023;Australia;APJ
Machine Learning;2020;Nigeria;EMEA
Security;2022;USA;NAMER
Dev Tools;2025;UK;EMEA
Serverless;2025;Ghana;EMEA
Cloud Operations;2022;USA;NAMER
Serverless;2024;UK;EMEA
Serverless;2025;Cameroon;EMEA
Serverless;2025;Australia;APJ
Security;2025;Singapore;APJ
AI Engineering;2025;China;GCR
Serverless;2024;Serbia;EMEA
Network C&D;2020 beta;UK;EMEA
Dev Tools;2023;Nepal;APJ
Dev Tools;2025;India;APJ
Dev Tools;2023;India;APJ
Serverless;2025;India;APJ
Dev Tools;2023;South Korea;APJ
Serverless;2025;India;APJ
Data;2020;Nepal;APJ
Dev Tools;2025;United Arab Emirates;EMEA
Serverless;2025;India;APJ
Machine Learning;2024;India;APJ
AI Engineering;2025;India;APJ
AI Engineering;2025;USA;NAMER
Serverless;2023;India;APJ
Containers;2022;Indonesia;APJ
Data;2025;Brazil;LATAM
Dev Tools;2025;Germany;EMEA
Dev Tools;2025;Nigeria;EMEA
Machine Learning;2020;Pakistan;APJ
Cloud Operations;2025;UK;EMEA
Security;2025;India;APJ
AI Engineering;2025;India;APJ
Security;2025;India;APJ
Cloud Operations;2024;Bangladesh;APJ
Network C&D;2025;Nepal;APJ
Containers;2023;India;APJ
Containers;2021;Singapore;APJ
Security;2020;India;APJ
AI Engineering;2025;India;APJ
Security;2022;India;APJ
Network C&D;2025;UK;EMEA
Security;2025;Germany;EMEA
Cloud Operations;2025;India;APJ
Data;2025;Nepal;APJ
Security;2024;Nepal;APJ
Machine Learning;2024;USA;NAMER
Dev Tools;2023;New Zealand;APJ
Cloud Operations;2024;Japan;APJ
Data;2023;Germany;EMEA
Containers;2023;Pakistan;APJ
AI Engineering;2025;India;APJ
Network C&D;2024;France;EMEA
Containers;2025;Nigeria;EMEA
Serverless;2024;Poland;EMEA
Serverless;2025;Poland;EMEA
Cloud Operations;2022;South Korea;APJ
Machine Learning;2020;South Korea;APJ
Cloud Operations;2024;Japan;APJ
Network C&D;2025;Japan;APJ
Security;2025;UK;EMEA
Serverless;2024;Japan;APJ
Network C&D;2025;Japan;APJ
Serverless;2022;Japan;APJ
Cloud Operations;2024;Japan;APJ
Cloud Operations;2023;Japan;APJ
Security;2023;Japan;APJ
Serverless;2025;Japan;APJ
Serverless;2025;Japan;APJ
AI Engineering;2025;Japan;APJ
Serverless;2024;Japan;APJ
Machine Learning;2023;Japan;APJ
Network C&D;2023;Japan;APJ
Serverless;2023;Japan;APJ
Data;2023;Japan;APJ
Serverless;2023;Japan;APJ
Cloud Operations;2025;Hong Kong;GCR
Containers;2025;San Marino;EMEA
Machine Learning;2025;India;APJ
Serverless;2022;India;APJ
Security;2023;Poland;EMEA
Serverless;2022;Zimbabwe;EMEA
Security;2024;USA;NAMER
Network C&D;2021;United Arab Emirates;EMEA
Containers;2025;Pakistan;APJ
Serverless;2024;Japan;APJ
Security;2025;Finland;EMEA
Network C&D;2025;Nigeria;EMEA
Cloud Operations;2025;Nigeria;EMEA
Network C&D;2021;Kenya;EMEA
Network C&D;2021;New Zealand;APJ
Containers;2025;Nigeria;EMEA
Dev Tools;2023;USA;NAMER
Security;2023;Japan;APJ
Containers;2025;Japan;APJ
Serverless;2023;Viet Nam;APJ
Data;2025;Sri Lanka;APJ
Machine Learning;2025;Viet Nam;APJ
Security;2025;Thailand;APJ
Cloud Operations;2023;Ghana;EMEA
Containers;2021;Brazil;LATAM
Data;2023;Brazil;LATAM
Serverless;2022;France;EMEA
AI Engineering;2025;France;EMEA
Network C&D;2024;Myanmar;APJ
Security;2023;Sri Lanka;APJ
Serverless;2022;Sri Lanka;APJ
Machine Learning;2021;USA;NAMER
Cloud Operations;2023;USA;NAMER
Dev Tools;2022;Germany;EMEA
Serverless;2022;France;EMEA
Serverless;2024;USA;NAMER
Serverless;2025;Australia;APJ
Data;2024;Netherlands;EMEA
Serverless;2025;Sri Lanka;APJ
Data;2023;Brazil;LATAM
Serverless;2021;Brazil;LATAM
AI Engineering;2025;Japan;APJ
Cloud Operations;2023;Viet Nam;APJ
Security;2023;Armenia;EMEA
Data;2023;Sweden;EMEA
Data;2023;New Zealand;APJ
Network C&D;2023;USA;NAMER
AI Engineering;2022;USA;NAMER
Containers;2022;Germany;EMEA
Containers;2025;Viet Nam;APJ
Cloud Operations;2023;South Africa;EMEA
Cloud Operations;2023;Zimbabwe;EMEA
Serverless;2023;Taiwan;GCR
Serverless;2020;Germany;EMEA
Serverless;2021;Germany;EMEA
Cloud Operations;2025;Germany;EMEA
Dev Tools;2025;Switzerland;EMEA
Machine Learning;2025;USA;NAMER
Containers;2022;Bulgaria;EMEA
Containers;2025;Turkey;EMEA
Security;2025;Nigeria;EMEA
Data;2023;Nigeria;EMEA
Containers;2022;Belgium;EMEA
Security;2022;UK;EMEA
Security;2020;UK;EMEA
Serverless;2023;Germany;EMEA
Dev Tools;2025;Japan;APJ
Dev Tools;2022;Japan;APJ
Dev Tools;2025;Japan;APJ
Machine Learning;2024;Japan;APJ
Network C&D;2023;Japan;APJ
Cloud Operations;2025;Japan;APJ
Security;2025;China;GCR
Dev Tools;2023;Peru;LATAM
Security;2024;Taiwan;GCR
Dev Tools;2024;Japan;APJ
Cloud Operations;2025;Japan;APJ
Cloud Operations;2020;India;APJ
Data;2025;Japan;APJ
Network C&D;2024;Japan;APJ
Serverless;2024;Japan;APJ
Cloud Operations;2022;Republic of Moldova;EMEA
Cloud Operations;2025;Australia;APJ
Containers;2022;USA;NAMER
Dev Tools;2025;Canada;NAMER
AI Engineering;2025;Viet Nam;APJ
AI Engineering;2025;Japan;APJ
Dev Tools;2021;Viet Nam;APJ
Network C&D;2025;Viet Nam;APJ
Serverless;2021;India;APJ
Serverless;2024;USA;NAMER
Serverless;2025;Canada;NAMER
Security;2025;USA;NAMER
Data;2025;Malaysia;APJ
Cloud Operations;2022;Sri Lanka;APJ
Data;2022;Sri Lanka;APJ
Serverless;2025;India;APJ
Data;2025;Turkey;EMEA
Serverless;2022;India;APJ
Dev Tools;2023;Nigeria;EMEA
Cloud Operations;2025;Nepal;APJ
Containers;2025;Sri Lanka;APJ
Machine Learning;2025;Nepal;APJ
Network C&D;2025;Slovenia;EMEA
Data;2025;Canada;NAMER
AI Engineering;2025;India;APJ
Serverless;2022;Pakistan;APJ
Cloud Operations;2025;Pakistan;APJ
Containers;2025;Thailand;APJ
Cloud Operations;2025;Armenia;EMEA
Dev Tools;2025;India;APJ
Containers;2021;Germany;EMEA
Containers;2025;Nigeria;EMEA
Serverless;2025;UK;EMEA
Cloud Operations;2025;India;APJ
Security;2024;Germany;EMEA
Serverless;2025;India;APJ
Data;2025;Turkey;EMEA
Security;2025;India;APJ
Network C&D;2025;India;APJ
AI Engineering;2025;Mexico;LATAM
Data;2025;Montenegro;EMEA
Security;2025;India;APJ
Machine Learning;2025;Mexico;LATAM
Cloud Operations;2022;Spain;EMEA
Data;2023;Canada;NAMER
Data;2020;Spain;EMEA
Security;2025;UK;EMEA
Containers;2025;Kenya;EMEA
Serverless;2025;UK;EMEA
Machine Learning;2020;India;APJ
Containers;2025;Finland;EMEA
Security;2020 beta;India;APJ
AI Engineering;2024;India;APJ
AI Engineering;2025;India;APJ
Security;2024;Netherlands;EMEA
Network C&D;2025;Sri Lanka;APJ
Serverless;2023;India;APJ
Dev Tools;2023;Georgia;EMEA
Serverless;2024;Romania;EMEA
Security;2025;Ukraine;EMEA
Security;2024;UK;EMEA
Security;2022;Singapore;APJ
AI Engineering;2022;Nigeria;EMEA
Machine Learning;2022;Belgium;EMEA
Serverless;2023;Brazil;LATAM
AI Engineering;2025;Brazil;LATAM
Machine Learning;2025;India;APJ
AI Engineering;2025;India;APJ
Serverless;2025;Sri Lanka;APJ
Dev Tools;2025;India;APJ
Containers;2022;UK;EMEA
Serverless;2024;Singapore;APJ
Network C&D;2025;India;APJ
Serverless;2025;India;APJ
Serverless;2025;India;APJ
Data;2025;India;APJ
AI Engineering;2021;India;APJ
Serverless;2020;India;APJ
Containers;2021;India;APJ
Containers;2025;Kazakhstan;EMEA
Serverless;2022;Brazil;LATAM
AI Engineering;2023;India;APJ
AI Engineering;2025;India;APJ
AI Engineering;2025;Canada;NAMER
Machine Learning;2023;USA;NAMER
Serverless;2024;Romania;EMEA
Security;2022;Thailand;APJ
AI Engineering;2024;Germany;EMEA
AI Engineering;2025;India;APJ
Data;2020 beta;Panama;LATAM
Containers;2025;Myanmar;APJ
Containers;2025;Myanmar;APJ
Cloud Operations;2023;France;EMEA
Containers;2021;USA;NAMER
Security;2023;Taiwan;GCR
Serverless;2024;Switzerland;EMEA
Containers;2025;Pakistan;APJ
Cloud Operations;2022;Japan;APJ
Serverless;2020;USA;NAMER
Serverless;2023;Brazil;LATAM
Containers;2022;China;GCR
AI Engineering;2025;China;GCR
Data;2022;Taiwan;GCR
Data;2022;Germany;EMEA
Cloud Operations;2023;China;GCR
Cloud Operations;2021;Singapore;APJ
Dev Tools;2022;Brazil;LATAM
Security;2023;Kenya;EMEA
AI Engineering;2025;Australia;APJ
Cloud Operations;2025;USA;NAMER
Data;2023;Kenya;EMEA
Data;2023;Chile;LATAM
Network C&D;2022;USA;NAMER
Serverless;2020;Brazil;LATAM
Serverless;2023;South Africa;EMEA
Security;2025;Ecuador;LATAM
Containers;2025;Kenya;EMEA
Network C&D;2025;USA;NAMER
Containers;2025;Singapore;APJ
Machine Learning;2022;Iraq;EMEA
Dev Tools;2024;Poland;EMEA
Network C&D;2022;Poland;EMEA
Dev Tools;2020 beta;Brazil;LATAM
Machine Learning;2023;Ghana;EMEA
Data;2022;South Korea;APJ
Serverless;2021;Cyprus;EMEA
AI Engineering;2021;Spain;EMEA
Containers;2023;New Zealand;APJ
AI Engineering;2025;China;GCR
Data;2024;Malaysia;APJ
AI Engineering;2025;China;GCR
Cloud Operations;2023;Tunisia;EMEA
Dev Tools;2023;Germany;EMEA
Cloud Operations;2023;China;GCR
Containers;2022;USA;NAMER
Cloud Operations;2022;Netherlands;EMEA
Serverless;2023;Poland;EMEA
Containers;2023;India;APJ
Containers;2022;USA;NAMER
Containers;2023;India;APJ
Data;2025;India;APJ
Cloud Operations;2023;India;APJ
Dev Tools;2024;Japan;APJ
Security;2025;Italy;EMEA
Cloud Operations;2025;Japan;APJ
Dev Tools;2022;Japan;APJ
Containers;2023;Japan;APJ
AI Engineering;2025;India;APJ
Cloud Operations;2023;Myanmar;APJ
Network C&D;2023;Myanmar;APJ
Serverless;2025;Myanmar;APJ
Containers;2025;China;GCR
Network C&D;2024;Israel;EMEA
Containers;2025;Singapore;APJ
Dev Tools;2024;India;APJ
Containers;2020;Taiwan;GCR
Cloud Operations;2022;USA;NAMER
Serverless;2023;Viet Nam;APJ
Machine Learning;2021;South Korea;APJ
Serverless;2023;India;APJ
Network C&D;2025;Myanmar;APJ
Containers;2022;USA;NAMER
AI Engineering;2020;Australia;APJ
Containers;2022;Singapore;APJ
Serverless;2025;USA;NAMER
Serverless;2025;Japan;APJ
Dev Tools;2024;Japan;APJ
Cloud Operations;2023;Japan;APJ
Dev Tools;2023;Japan;APJ
Machine Learning;2021;Japan;APJ
AI Engineering;2025;Japan;APJ
Data;2023;South Korea;APJ
Cloud Operations;2023;South Korea;APJ
Cloud Operations;2023;Argentina;LATAM
Dev Tools;2024;Japan;APJ
Network C&D;2024;Japan;APJ
Security;2023;Japan;APJ
Serverless;2024;Japan;APJ
Cloud Operations;2025;Japan;APJ
Cloud Operations;2023;Japan;APJ
Machine Learning;2024;Japan;APJ
Security;2024;Japan;APJ
AI Engineering;2025;Japan;APJ
Security;2025;Japan;APJ
Network C&D;2025;Japan;APJ
Security;2021;Japan;APJ
Containers;2025;Turkey;EMEA
Dev Tools;2023;Japan;APJ
Serverless;2025;Indonesia;APJ
Containers;2022;Nigeria;EMEA
Security;2022;Russian Federation;EMEA
Data;2025;Nigeria;EMEA
Serverless;2025;UK;EMEA
Security;2023;Japan;APJ
Serverless;2024;Japan;APJ
Security;2023;Japan;APJ
Security;2024;Japan;APJ
Security;2025;Japan;APJ
Data;2025;Japan;APJ
Security;2023;Japan;APJ
Dev Tools;2025;Japan;APJ
AI Engineering;2025;Israel;EMEA
Data;2025;India;APJ
Dev Tools;2022;Netherlands;EMEA
Serverless;2021;UK;EMEA
Data;2025;USA;NAMER
Containers;2022;Iraq;EMEA
Cloud Operations;2025;India;APJ
Cloud Operations;2025;Turkey;EMEA
Containers;2025;UK;EMEA
AI Engineering;2025;Turkey;EMEA
AI Engineering;2025;China;GCR
Cloud Operations;2024;Taiwan;GCR
Serverless;2023;France;EMEA
AI Engineering;2025;China;GCR
Security;2025;USA;NAMER
Security;2022;Kenya;EMEA
Security;2022;Canada;NAMER
Machine Learning;2024;USA;NAMER
Security;2023;Colombia;LATAM
Serverless;2025;Pakistan;APJ
